name,launchDate,audienceCum8,screen8,audienceCum14,screen14,nation,grade,groupGenre,favor,holiday,like,dislike,distCom,director,actor,actorPower8,actorPower14,directorPower8,directorPower14,distPower8,distPower14,launchDay,series,8hol,14hol
인터스텔라,2014-11-06,1256795,1310,3404930,1342,northA,12,SF/Fantasy/Adventure,9996,0,11513,1517,워너브러더스 코리아(주),크리스토퍼 놀란,"매튜 매커너히,앤 해서웨이,마이클 케인,제시카 차스테인,케이시 애플렉",5234300.6667,12050158.167,1256795,3404930,898054.19231,1389867.7308,Thu,0,2,4
패션왕,2014-11-06,233577,523,464028,523,korea,15,Comedy,31381,0,39795,8414,(주)넥스트엔터테인먼트월드(NEW),오기환,"김다율(김아현),주원,최진리,안재현,박세영,김성오,윤혜빈,이대수,이상훈,이정연,이주영,이주희,이효재,정라엘,최우진,기안84,김나영,김성준,김승주,박상욱,배유람,이일화,이동휘",3115608.3333,4812226.1667,233577,464028,856399.86207,1282562.7931,Thu,0,2,4
카트,2014-11-13,553362,544,722336,544,korea,12,Drama,45950,0,48999,3049,(주)리틀빅픽쳐스,부지영,"염정아,문정희,김영애,김강우,이승준,도경수,김민경,김선간,김지은,김지현,김현,이고운,이승준,이주현,이지혜,김수안,지우,길해연,황정민,김희원,박미현",10438802.283,15407945.533,553362,722336,240664.11111,301766.11111,Thu,0,2,4
"님아, 그 강을 건너지 마오",2014-11-27,120392,206,354503,387,korea,All,etc,8336,0,8651,315,"CGV아트하우스,(주)대명문화공장",진모영,"조병만,강계열",240784,709006,120392,354503,575178.66667,889252.26667,Thu,0,2,4
빅매치,2014-11-27,758352,627,1023081,627,korea,15,Action/Criminal,3895,0,4634,739,(주)넥스트엔터테인먼트월드(NEW),최호,"이정재,신하균,이성민,보아,김의성,손호준,강정원,김근배,김재철,김종선,남성호,박상현,안병래,이상헌,이재남,이재훈,이종현,이진민,정현진,배성우,맹상훈,최우식,조덕제,김윤성,박지환",7307164.2167,10216827.667,758352,1023081,856399.86207,1282562.7931,Thu,0,2,4
엑소더스: 신들과 왕들,2014-12-01,843914,865,1371328,865,northA,12,Drama,3626,0,4163,537,이십세기폭스코리아(주),리들리 스콧,"크리스찬 베일,조엘 에저튼,시고니 위버,벤 킹슬리,아론 폴",3474049.9,5482256.5,1399545.3333,1993002.6667,904472.46429,1334770.9286,Mon,1,2,4
"러브, 로지",2014-12-10,246731,379,281982,379,europe,15,Comedy,2624,0,2861,237,(주)넥스트엔터테인먼트월드(NEW),크리스티안 디터,"릴리 콜린스,샘 클라플린",559109.5,691808.5,246731,281982,856399.86207,1282562.7931,Wed,0,2,4
사랑에 대한 모든 것,2014-12-10,241554,399,265059,399,northA,12,Melo/Romance,2444,0,2704,260,유니버설픽쳐스인터내셔널 코리아(유),제임스 마쉬,"에디 레드메인,펠리시티 존스",1450923.3333,1954299.6667,241554,265059,708672.65854,965092.63415,Wed,0,2,4
국제시장,2014-12-17,2312726,966,4869135,966,korea,12,Drama,10732,0,12784,2052,씨제이이앤엠(주),윤제균,"황정민,김윤진,오달수,정진영,장영남,라미란,김슬기,정영기,맹세창,김동원,김현중,김지영,황창기,박재우,박찬희,김예빈,김재철,김하연,김재현,이소영,류경현,황인준,이종석,이진희,전희경,박재언,유재상,김선영,정윤호,박길수,박영수",11289033.5,18647315.617,2312726,4869135,965818.5,1527981.32,Wed,0,2,4
호빗: 다섯 군대 전투,2014-12-17,1654411,926,2448113,926,northA,12,SF/Fantasy/Adventure,15734,0,16936,1202,워너브러더스 코리아(주),피터 잭슨,"마틴 프리먼,이안 맥켈런,리차드 아미티지,케이트 블란쳇,올랜도 블룸,크리스토퍼 리,휴고 위빙,에반젤린 릴리",9016971.6667,13085168.167,1654411,2448113,898054.19231,1389867.7308,Wed,1,2,4
상의원,2014-12-24,676632,466,778719,466,korea,15,History,7193,0,8746,1553,"(주)쇼박스,(주)와우픽쳐스",이원석,"홍수민,한석규,고수,박신혜,유연석,김수웅,김주훈,김지현,김현정,박병은,박소담,배성우,한지은,김재화,이유비,최희진,신소율,김종언",5278540.9833,7035130,676632,778719,2737244.4912,4025545.614,Wed,0,4,7
기술자들,2014-12-24,1778083,641,2336461,641,korea,15,Action/Criminal,21847,0,24306,2459,롯데쇼핑㈜롯데엔터테인먼트,김홍선,"김우빈,김영철,고창석,이현우,조윤희,임주환,조달환,권지훈,김원진,노선식,박갑진,유원선,윤대원,윤주환,이상민,이수민,채성원,천준호,최현우,최춘범,한지은,지승현",10602435.167,15346409.833,1778083,2336461,761607.21053,990233.84211,Wed,0,4,7
숲속으로,2014-12-24,317406,356,341389,356,northA,All,etc,3151,0,3514,363,월트디즈니컴퍼니코리아(주),롭 마샬,"메릴 스트립,조니 뎁,에밀리 블런트,제임스 코든,안나 켄드릭,크리스 파인",3256685.6667,3958714.5,317406,341389,1425444.125,2503493.875,Wed,0,4,7
눈의 여왕 2: 트롤의 마법거울,2014-12-24,498320,479,594955,479,europe,All,Animation,3247,0,4126,879,씨네그루(주)다우기술,알렉세이 트시칠린,,1,1,397514,474641,281614.25,348647.375,Wed,0,4,7
일곱난쟁이,2014-12-24,184661,263,216601,263,europe,All,Animation,2794,0,2926,132,메가박스(주)플러스엠,헤랄드 지페르만,,1,1,184661,216601,693225.23077,986813.84615,Wed,0,4,7
개를 훔치는 완벽한 방법,2014-12-31,183398,205,220468,205,korea,All,Drama,-1402,0,5046,6448,"(주)리틀빅픽쳐스,(주)대명문화공장",김성호,"김혜자,이레,최민수,강혜정,이천희,김솔,김원중,김도엽,박성규,이지원,정택호,김재화,홍은택,이기영,류선영,조은지",1552262.5,2057923.5,183398,220468,394191.11111,584894.11111,Wed,0,3,5
마다가스카의 펭귄,2014-12-31,1018380,615,1434712,615,northA,All,Animation,4324,0,4594,270,씨제이이앤엠(주),"에릭 다넬,사이몬 J.스미스","베네딕트 컴버배치,존 말코비치,톰 맥그라스,크리스 밀러,크리스토퍼 나이츠,켄 정",5512625.75,7760105.75,2036760,2869424,965818.5,1527981.32,Wed,0,3,5
테이큰 3,2015-01-01,1405631,616,1877515,616,northA,15,Action/Criminal,7474,0,8326,852,이십세기폭스코리아(주),올리비에 메가턴,"리암 니슨,팜케 얀센,매기 그레이스,존 그리스,포레스트 휘테커",6343962.25,8502190.75,1405631,1877515,904472.46429,1334770.9286,Thu,1,3,5
언브로큰,2015-01-07,241245,401,255019,401,northA,15,Action/Criminal,3019,0,3318,299,유니버설픽쳐스인터내셔널 코리아(유),안젤리나 졸리,"잭 오코넬,돔놀 글리슨,가렛 헤드룬드,핀 위트록",1202901.5,1585539.5,241245,255019,708672.65854,965092.63415,Wed,0,2,4
워킹걸,2015-01-07,134144,308,142262,308,korea,19,Comedy,-9857,0,4677,14534,메가박스(주)플러스엠,정범식,"조여정,클라라,김태우,배유람,정범식,정범식,박주희,백경인,조은영,손진우,배성우,유찬호,김세미,라미란,김승주,이민아,황준호,이승원,이시현,박상민,조재윤,김영옥,김보연,오나라",3909583.9,5759212.2,134144,142262,693225.23077,986813.84615,Wed,0,2,4
패딩턴,2015-01-07,242690,408,304134,408,europe,All,Comedy,1428,0,1592,164,롯데쇼핑㈜롯데엔터테인먼트,폴 킹,"니콜 키드먼,벤 위쇼,휴 보네빌,샐리 호킨스",999327.33333,1314604.6667,242690,304134,761607.21053,990233.84211,Wed,0,2,4
극장판 포켓몬스터 XY : 파괴의 포켓몬과 디안시,2015-01-14,197006,360,229967,360,others,All,Animation,4034,0,4286,252,롯데쇼핑㈜롯데엔터테인먼트,유야마 쿠니히코,,1,1,179720.33333,251038.66667,761607.21053,990233.84211,Wed,0,2,4
박물관이 살아있다 : 비밀의 무덤,2015-01-14,692443,500,945679,500,northA,All,SF/Fantasy/Adventure,3003,0,3273,270,이십세기폭스코리아(주),숀 레비,"벤 스틸러,로빈 윌리엄스,댄 스티븐스,오웬 윌슨,벤 킹슬리,레벨 윌슨",3354061.4,4681474,692443,945679,904472.46429,1334770.9286,Wed,0,2,4
아메리칸 스나이퍼,2015-01-14,211064,308,269728,308,northA,19,Action/Criminal,1666,0,1823,157,워너브러더스 코리아(주),클린트 이스트우드,"브래들리 쿠퍼,시에나 밀러",827902.75,1006779.75,314563,415966,898054.19231,1389867.7308,Wed,0,2,4
오늘의 연애,2015-01-14,1214638,709,1630948,709,korea,15,Melo/Romance,17193,0,19766,2573,씨제이이앤엠(주),박진표,"이승기,문채원,이서진,장진우,이경진,이동진,임하룡,이상협,김광규,김부선,가인,임종윤,남능미",5713540.5,7650886.5,1214638,1630948,965818.5,1527981.32,Wed,0,2,4
허삼관,2015-01-14,716990,621,891597,621,korea,12,Drama,8566,0,10731,2165,(주)넥스트엔터테인먼트월드(NEW),하정우,"하정우,하지원,전혜진,장광,주진모,성동일,이경영,김영애,정만식,조진웅,김기천,김성균,윤은혜,황보라,강민지,전현석,정우진,이경원,이민호,이수인,이승준,이승호,김재화,김시은",15673412.867,22370777.167,716990,891597,856399.86207,1282562.7931,Wed,0,2,4
강남 1970,2015-01-21,1289783,841,1865834,841,korea,19,Action/Criminal,17259,0,21361,4102,(주)쇼박스,유하,"이민호,김래원,정진영,설현,유승목,한재영,이연두,정호빈,최진호,엄효섭,최병모,지대한,전배수,윤종화,서우진,이인혁,이정완,이주협,박소희,박시연,이한울,임성숙,장준혁,전우재,강풍,박재영,박재희,박준영,정영택,백동현,정창용,조선기,서현석,천영암,손재영,주연서,신영규,양진석,오형근,유정호,윤지원,이규석,김원진,이성용,이성준,이세훈,황재진,이원희,이은주,안정우,정진영,김지수,곽민호",11205328.5,16653437.75,1289783,1865834,1813712.1579,2780266.9474,Wed,0,2,4
빅 히어로,2015-01-21,1059822,825,1824082,825,northA,All,Animation,4078,0,5065,987,월트디즈니컴퍼니코리아(주),"돈 홀,크리스 윌리암스","라이언 포터,스콧 애짓,다니엘 헤니,제이미 정,T.J. 밀러,제네시스 로드리게스,데이몬 웨이언스 주니어,마야 루돌프,제임스 크롬웰,알란 터딕",6974695.5,11328925.5,2119644,3648164,1425444.125,2503493.875,Wed,0,2,4
존 윅,2015-01-21,110661,321,114873,321,northA,19,Action/Criminal,2300,0,3092,792,(주)나이너스엔터테인먼트,"데이빗 레이치,채드 스타헬스키","키아누 리브스,애드리앤 팰리키,윌렘 데포",554034.5,605841.5,276304,300130,329623.33333,410152.33333,Wed,0,2,4
내 심장을 쏴라,2015-01-28,339201,452,382608,452,korea,15,Drama,6101,0,6860,759,"(주)리틀빅픽쳐스,(주)이수C&E",문제용,"이민기,여진구,유오성,김정태,김기천,신구,송영창,박충선,박두식,한혜린,이준혁,임문영,강영묵,정유정,권소영,이규섭,김재화,엄효섭,김보라",5098652.6667,6489376.1667,339201,382608,421677.18803,527658.26496,Wed,0,2,4
워터 디바이너,2015-01-28,123600,326,134531,326,northA,15,Drama,843,0,925,82,롯데쇼핑㈜롯데엔터테인먼트,러셀 크로우,"러셀 크로우,올가 쿠릴렌코,제이 코트니",2530475.5,3312987,123600,134531,761607.21053,990233.84211,Wed,0,2,4
쎄시봉,2015-02-05,875073,829,1226283,829,korea,15,Melo/Romance,-12360,0,12076,24436,씨제이이앤엠(주),김현석,"김윤석,정우,한효주,김희애,진구,장현성,강하늘,조복래,김인권,장미진,강명찬,정수교,조성관,천준호,최남주,최성택,최성택,최충열,송민석,박소담,오하늬,윤준호,이미소,김승찬,이병훈,이상희,이승현,안재홍,이대연,이동훈,권해효",10669028.967,16535189.867,875073,1226283,965818.5,1527981.32,Thu,0,2,5
주피터 어센딩,2015-02-05,295468,561,308880,561,northA,12,SF/Fantasy/Adventure,1176,0,1428,252,워너브러더스 코리아(주),"라나 워쇼스키,앤디 워쇼스키","밀라 쿠니스,채닝 테이텀,숀 빈,테리 길리엄,배두나",3211434.5,4078882.5,590936,617760,898054.19231,1389867.7308,Thu,0,2,5
최강전사 미니특공대 : 새로운 악당의 습격,2015-02-05,93028,318,127712,318,korea,All,Animation,1732,0,2052,320,에이원엔터테인먼트,이영준,"엄상현,전태열,신용우",476260.86667,581045.06667,90211.5,119990,93028,127712,Thu,0,2,5
조선명탐정 : 사라진 놉의 딸,2015-02-11,1504049,811,3290795,825,korea,12,History,6454,0,7406,952,(주)쇼박스,김석윤,"김명민,오달수,이연희,강다현,전건익,정명철,박지선,배영민,정혜은,조관우,조명행,최지명,송병철,김나현,이경용,이귀현,이낙준,한대룡,이선도,이성동,이용우,김태환,정원중,남윤나,류광일,류현상,최무성,김원해,우현,황정민",11190652.133,20158527.667,1504049,3290795,1813712.1579,2780266.9474,Wed,1,3,7
킹스맨 : 시크릿 에이전트,2015-02-11,1198680,712,2564142,728,northA,19,Action/Criminal,2106,0,2480,374,이십세기폭스코리아(주),매튜 본,"콜린 퍼스,태런 에저튼,사무엘 L. 잭슨,마이클 케인",2996551.0833,5744644.5667,1198680,2564142,904472.46429,1334770.9286,Wed,1,3,7
도라에몽 : 스탠 바이 미,2015-02-12,235569,432,400129,432,others,All,Animation,13242,0,14244,1002,(주)넥스트엔터테인먼트월드(NEW),"야마자키 타카시,야기 류이치","미즈타 와사비,오오하라 메구미",471138,800258,418467.5,689616.5,856399.86207,1282562.7931,Thu,0,4,7
명탐정 코난 : 코난 실종사건 - 사상 최악의 이틀,2015-02-12,129190,187,218511,187,others,12,Animation,7630,0,8040,410,씨제이이앤엠(주),야마모토 야스이치로,,1,1,208068.66667,276750.66667,965818.5,1527981.32,Thu,0,4,7
오즈의 마법사: 돌아온 도로시,2015-02-12,151957,330,248081,330,northA,All,Animation,2532,0,2669,137,(주)박수엔터테인먼트,"윌 핀,댄 세인트 피에르","레아 미셸,패트릭 스튜어트,휴 댄시,댄 애크로이드",1188246.5,1798010,303914,496162,126829.33333,167576.33333,Thu,0,4,7
이미테이션 게임,2015-02-17,808365,541,1276268,541,europe,15,Drama,6449,1,7140,691,메가박스(주)플러스엠,모튼 틸덤,"베네딕트 컴버배치,키이라 나이틀리,매튜 구드",2427772.4167,3444186.4167,700159,971276.5,693225.23077,986813.84615,Tue,0,5,7
스폰지밥 3D,2015-02-18,232866,357,298917,357,northA,All,Animation,5052,1,5389,337,씨제이이앤엠(주),폴 티비트,"안토니오 반데라스,클랜시 브라운,톰 케니,전태열,이인성,최한",1378401,1775918.8333,232866,298917,965818.5,1527981.32,Wed,0,5,7
그레이의 50가지 그림자,2015-02-26,310207,512,357499,512,northA,19,Drama,5476,0,7027,1551,유니버설픽쳐스인터내셔널 코리아(유),샘 테일러-존슨,"제이미 도넌,다코타 존슨,제니퍼 엘,루크 그림즈",1087584,1254438,310207,357499,708672.65854,965092.63415,Thu,0,2,4
기생수 파트1,2015-02-26,130228,247,178846,247,others,19,Thiller/War,12699,0,15045,2346,판씨네마(주),야마자키 타카시,"소메타니 쇼타,후카츠 에리,하시모토 아이,키타무라 카즈키,아사노 타다노부",653760,894613,182898.5,289487.5,305844.4,464021.6,Thu,1,2,4
백 투 더 비기닝,2015-02-26,229105,423,263966,423,northA,15,SF/Fantasy/Adventure,397,0,479,82,롯데쇼핑㈜롯데엔터테인먼트,딘 이스라엘리트,"조니 웨스턴,소피아 블랙 디엘리아,샘 러너,앨런 에반젤리스타,버지니아 가드너",1145525,1319830,229105,263966,761607.21053,990233.84211,Thu,0,2,4
버드맨,2015-03-05,159746,380,186904,380,northA,19,Comedy,-993,0,2387,3380,이십세기폭스코리아(주),알레한드로 곤잘레스 이냐리투,"마이클 키튼,에드워드 노튼,엠마 스톤,나오미 왓츠",2313053.8333,3318563.5833,640049,928626.5,904472.46429,1334770.9286,Thu,0,2,4
순수의 시대,2015-03-05,411374,546,463616,546,korea,19,History,5656,0,7092,1436,씨제이이앤엠(주),안상훈,"신하균,장혁,강한나,강하늘,박혜준,정현국,권승구,서지오,권지훈,천준호,최아람,양영조,김경애,오하늬,윤민규,이광기,김민수,이상민,이수민,손병호,박갑진,최무성,기주봉,이재용,문영동,조희봉",3907264.1333,5362248.7,411374,463616,965818.5,1527981.32,Thu,0,2,4
헬머니,2015-03-05,335298,322,452470,422,korea,19,Comedy,5680,0,6556,876,(주)넥스트엔터테인먼트월드(NEW),신한솔,"김수미,정만식,김정태,이태란,홍성덕,박승찬,이형빈,강경탁,임재수,박은영,박지영,박혜진,정진혁,채승훈,선현철,손재영,김달선,유병선,유용욱,윤수진,이강철,이규섭,김홍파,한진원,이성민,이승준,이영은,이영은,이은미,김지훈,김원해,이승천,박준금,정혜선,김영옥,길해연,지대한,조영진,장원영,권병길,박충선",8985299.15,12593797,335298,452470,856399.86207,1282562.7931,Thu,0,2,4
살인의뢰,2015-03-12,640815,646,817625,646,korea,19,Action/Criminal,6752,0,8238,1486,씨네그루(주)다우기술,손용호,"김상경,김성균,박성웅,윤승아,조재윤,김의성,기주봉,홍성덕,오대환,이정훈,이진수,박소희,박일우,박혜미,송영창,태욱,김덕순,이다희,이상인,이용출,임종윤",6623180.2333,8639498.4167,640815,817625,281614.25,348647.375,Thu,0,2,4
소셜포비아,2015-03-12,191754,368,241506,368,korea,15,Thiller/War,4889,0,5302,413,CGV아트하우스,홍석재,"변요한,이주승,하윤경,이강욱,류준열,배유람,임지호,엄기성,하상명,전신환,김종수,남문철",4223136.6667,6118434.3333,191754,241506,421651.66667,606124.26667,Thu,0,2,4
위플래쉬,2015-03-12,450749,436,952776,574,northA,15,Drama,2416,0,3127,711,(주)쇼박스,다미엔 차젤레,"마일즈 텔러,J.K. 시몬스",1154172.9167,1836722.75,622464,1205386,1813712.1579,2780266.9474,Thu,0,2,4
채피,2015-03-12,450055,536,559078,536,northA,15,Action/Criminal,2392,0,2671,279,유니버설픽쳐스인터내셔널 코리아(유),닐 블롬캠프,"휴 잭맨,샬토 코플리,시고니 위버,데브 파텔",2076363.5,2788140.75,450055,559078,708672.65854,965092.63415,Thu,0,2,4
런 올 나이트,2015-03-19,235610,411,286202,411,northA,19,Action/Criminal,1000,0,1118,118,워너브러더스 코리아(주),자움 콜렛 세라,"리암 니슨,조엘 킨나만,에드 해리스,커먼,제네시스 로드리게스",2363076,3118875.75,262555.5,330266,898054.19231,1389867.7308,Thu,0,2,4
신데렐라,2015-03-19,433655,531,611808,531,northA,All,Melo/Romance,4029,0,4666,637,월트디즈니컴퍼니코리아(주),케네스 브래너,"릴리 제임스,리처드 매든,케이트 블란쳇,헬레나 본햄 카터,홀리데이 그레인저,소피 맥쉐라",2398731.1667,3477042.6667,433655,611808,1425444.125,2503493.875,Thu,0,2,4
스물,2015-03-25,1475615,926,2322695,926,korea,15,Comedy,25292,0,27413,2121,(주)넥스트엔터테인먼트월드(NEW),이병헌,"김우빈,이준호,강하늘,정덕희,주창욱,권지훈,오하늬,오현경,이성두,정소민,안재홍,이유비,김의성,김종수,민지,황미영",12775926.8,19061210.867,1475615,2322695,856399.86207,1282562.7931,Wed,0,2,4
인서전트,2015-03-25,248923,480,279650,480,northA,15,SF/Fantasy/Adventure,2920,0,3194,274,롯데쇼핑㈜롯데엔터테인먼트,로베르트 슈벤트케,"쉐일린 우들리,테오 제임스,케이트 윈슬렛,나오미 왓츠,매기 큐,안셀 엘고트,마일즈 텔러,대니얼 대 킴",1242304,1525437.8333,173773,190651.5,761607.21053,990233.84211,Wed,0,2,4
분노의 질주: 더 세븐,2015-04-01,1464107,983,2268341,983,northA,15,Action/Criminal,6911,0,7601,690,유니버설픽쳐스인터내셔널 코리아(유),제임스 완,"빈 디젤,폴 워커,드웨인 존슨,제이슨 스타뎀",5172152.2,7666755.9,1145721.5,1835221.5,708672.65854,965092.63415,Wed,1,2,4
장수상회,2015-04-09,535667,688,897033,688,korea,12,Melo/Romance,14464,0,15600,1136,씨제이이앤엠(주),강제규,"박해빛나,박근형,윤여정,조진웅,한지민,황우슬혜,문가영,찬열,장문규,이준혁,윤소희,백일섭,박소연,이제욱,강석민,박지혜,정해인,최대영,최승훈,송동규,유원준,유원준,윤상훈,윤여정,이강희,임하룡,홍성일,이보영,이상수,이수지,이언정,김재화,남문철",6492027.8333,10323742.633,535667,897033,965818.5,1527981.32,Thu,0,2,4
화장,2015-04-09,103119,327,134474,327,korea,19,Drama,2189,0,3583,1394,(주)리틀빅픽쳐스,임권택,"안성기,김규리,김호정,박혜미,윤종호,이소정,이은경,안석환,연우진,김병춘,주현",768606,927316.5,103119,134474,240664.11111,301766.11111,Thu,0,2,4
더 건맨,2015-04-16,104155,349,107275,349,europe,19,Action/Criminal,259,0,308,49,롯데쇼핑㈜롯데엔터테인먼트,피에르 모렐,"숀 펜,하비에르 바르뎀,이드리스 엘바,레이 윈스톤,마크 라이런스",1913906,3467802.8333,104155,107275,761607.21053,990233.84211,Thu,0,2,4
어벤져스: 에이지 오브 울트론,2015-04-23,4664133,1843,8466698,1843,northA,12,Action/Criminal,87994,0,96176,8182,월트디즈니컴퍼니코리아(주),조스 웨던,"로버트 다우니 주니어,크리스 헴스워스,마크 러팔로,크리스 에반스,스칼렛 요한슨,제레미 레너,돈 치들,애런 존슨,엘리자베스 올슨,폴 베타니,코비 스멀더스,제임스 스페이더,사무엘 L. 잭슨,수현",18974701.217,30259850.467,4664133,8466698,1425444.125,2503493.875,Thu,1,2,5
짱구는 못말려 극장판 : 정면승부! 로봇아빠의 역습,2015-04-23,56197,372,139701,372,others,All,Animation,12398,0,13051,653,(주)이수C&E,다카하시 와타루,,1,1,56197,139701,181013.07692,225892.15385,Thu,0,2,5
위험한 상견례 2,2015-04-29,334834,429,435214,429,korea,15,Melo/Romance,1978,0,2757,779,"롯데쇼핑㈜롯데엔터테인먼트,(주)마인스 엔터테인먼트",김진영,"진세연,홍종현,신정근,임수연,정명호,박진수,박태규,조영란,조용재,오재호,유성진,이동민,이상현,이상협,이석현,차종호,이철민,김선영,신대섭,박은혜",3810467.5,5166187,334834,435214,1096441.2105,1425447.8421,Wed,1,3,5
차이나타운,2015-04-29,908156,551,1304081,551,korea,19,Action/Criminal,4962,0,5953,991,CGV아트하우스,한준희,"김혜수,김고은,엄태구,박보검,고경표,오대환,배유람,이혁준,백동현,조경섭,권지훈,김경애,오유진,우종현,유지현,김성종,이상희,이수경,김수안,정석용,이대연,이루리,안재홍,기주봉,조복래,이민지",9577313.0833,14521588.333,908156,1304081,421651.66667,606124.26667,Wed,0,3,5
노아의 방주: 남겨진 녀석들,2015-04-30,181604,436,206683,436,europe,All,Animation,449,0,543,94,씨네그루(주)다우기술,토비 젠켈,"김하영,배진홍,윤세웅",544812,620049,181604,206683,281614.25,348647.375,Thu,0,3,5
다이노 타임,2015-04-30,198155,430,242612,430,korea,All,Animation,535,0,646,111,씨제이이앤엠(주),"최윤석,존 카프카","멜라니 그리피스,제인 린치,윌리엄 볼드윈,스티븐 볼드윈,롭 슈나이더,유리 로웬탈",990775,1213060,396310,485224,965818.5,1527981.32,Thu,0,3,5
언프렌디드: 친구삭제,2015-05-07,179231,386,216843,386,northA,15,Horor/Mistery,4475,0,4950,475,유니버설픽쳐스인터내셔널 코리아(유),레오 가브리아제,"샐리 헤닝,모세 제이콥 스톰,윌 펠츠,헤더 소서맨",716924,867372,179231,216843,708672.65854,965092.63415,Thu,1,2,4
연애의 맛,2015-05-07,186219,398,212126,398,korea,19,Melo/Romance,635,0,1176,541,"(주)와우픽쳐스,(주)쇼박스",김아론,"오지호,최령,강예원,이종호,이혜란,박지환,정우일,정현진,유예원,이동진,형윤석,이승준,이은지,이은지,김중희,이은지,이은지,오민석",2102904.1667,2699416.5,186219,212126,2737244.4912,4025545.614,Thu,0,2,4
매드 맥스: 분노의 도로,2015-05-14,1166975,799,2287154,799,northA,15,Action/Criminal,1471,0,2005,534,워너브러더스 코리아(주),조지 밀러,"톰 하디,샤를리즈 테론,니콜라스 홀트,조 크라비츠,로지 헌팅턴-휘틀리,라일리 코프,메간 게일,애비 리,코트니 이튼",6566923,11139087,1166975,2287154,898054.19231,1389867.7308,Thu,1,2,5
악의 연대기,2015-05-14,1183194,776,1839347,776,korea,15,Thiller/War,4531,0,5113,582,씨제이이앤엠(주),백운학,"손현주,마동석,최다니엘,박서준,이준혁,이태호,이현우,강민정,조은수,서정우,최동헌,안용우,이명준,이성재,이용희,이은정,김태강,정원중,지대한,장준녕,정준원",9285217,13408956.5,1183194,1839347,965818.5,1527981.32,Thu,0,2,5
간신,2015-05-21,726072,697,948493,697,korea,19,History,2567,0,4570,2003,롯데쇼핑㈜롯데엔터테인먼트,민규동,"주지훈,김강우,천호진,임지연,이유영,김현수,문희경,박시영,박아영,임효우,전미정,전태호,박은영,박은영,박재성,박주희,박지수,정수지,정재우,배효진,조명행,조용완,송영창,차지연,성진아,최창훈,신동필,양정민,염재민,한진구,이보라,홍의정,황동희,이상철,이소희,이솔,이슬기,이승주,이용호,이용호,이윤지,김태희,서영주,기주봉,장광,류선영,김강일,정만식,최일화",9148082.5,12407064.5,726072,948493,761607.21053,990233.84211,Thu,0,3,5
스파이,2015-05-21,1093611,665,1699783,665,northA,15,Action/Criminal,1761,0,2016,255,이십세기폭스코리아(주),폴 페이그,"주드 로,제이슨 스타뎀,멜리사 맥카시",2667084.25,3961851.25,722559,1099812,904472.46429,1334770.9286,Thu,0,3,5
홈,2015-05-21,249683,532,334745,532,northA,All,Animation,828,0,968,140,씨제이이앤엠(주),팀 존슨,"짐 파슨스,리한나,제니퍼 로페즈,스티브 마틴",1023405.5,1426101,249683,334745,965818.5,1527981.32,Thu,0,3,5
무뢰한,2015-05-27,330909,482,385781,482,korea,19,Melo/Romance,3506,0,4059,553,CGV아트하우스,오승욱,"김남길,전도연,박성웅,곽도원,김민재,강태영,박지환,정재웅,조민지,조원희,송승현,오하늬,유지연,하은진,이동진,이학주,정재헌,지승현",4340330.4667,5764248.8333,330909,385781,421651.66667,606124.26667,Wed,0,2,4
투모로우랜드,2015-05-27,243782,435,262992,435,northA,12,Action/Criminal,1096,0,1272,176,월트디즈니컴퍼니코리아(주),브래드 버드,"조지 클루니,휴 로리,브릿 로버트슨",731346,788976,243782,262992,1425444.125,2503493.875,Wed,0,2,4
샌 안드레아스,2015-06-03,1138629,847,1527621,847,northA,12,Action/Criminal,3266,0,3676,410,워너브러더스 코리아(주),브래드 페이튼,"드웨인 존슨,알렉산드리아 다다리오",2466949.25,3504640.25,1138629,1527621,898054.19231,1389867.7308,Wed,0,2,4
은밀한 유혹,2015-06-04,127423,394,143502,394,korea,15,Melo/Romance,3949,0,4687,738,씨제이이앤엠(주),윤재구,"임수정,유연석,이경영,박철민,진경,도희,조희성,최민우,이광수,홍정표,민혜경,이동훈,곽민호",1972797.95,2783801.2,127423,143502,965818.5,1527981.32,Thu,0,2,4
쥬라기 월드,2015-06-11,2350583,1290,3733734,1290,northA,12,Action/Criminal,13671,0,15462,1791,유니버설픽쳐스인터내셔널 코리아(유),콜린 트레보로우,"크리스 프랫,주디 그리어,브라이스 달라스 하워드,케이티 맥그라스,제이크 존슨,빈센트 도노프리오",10840967,16887080.75,2350583,3733734,708672.65854,965092.63415,Thu,0,2,4
경성학교: 사라진 소녀들,2015-06-18,325199,489,354119,489,korea,15,Horor/Mistery,7300,0,8640,1340,롯데쇼핑㈜롯데엔터테인먼트,이해영,"박보영,엄지원,박소담,공예지,주보비,박성연,심희섭,고원희,박주희,이혜리,박지선,조원철,최영근,최지명,신수연,김경애,김대성,김대호,오현정,김동현,이다희,황석영,이연정,이예은,이은경,윤정미,서미지",4786869,6442410.25,325199,354119,761607.21053,990233.84211,Thu,0,2,4
극비수사,2015-06-18,1685772,894,2392661,894,korea,15,Drama,8049,0,9189,1140,(주)쇼박스,곽경택,"김윤석,유해진,송영창,장영남,정호빈,이준혁,이종일,장성훈,정규용,정기용,백승호,이효제,최원,송승현,신유경,양중경,유주영,홍명기,이석현,이소영,이승준,이윤희,이인규,주영호,박효주,이재용,남문철",9766958.7333,14966948.767,1685772,2392661,1813712.1579,2780266.9474,Thu,0,2,4
소수의견,2015-06-24,293662,398,352913,398,korea,15,Drama,4451,0,5222,771,(주)시네마서비스,김성제,"윤계상,유해진,김옥빈,이경영,장광,권해효,손아람,박주형,이은미,이은우,김의성,조복래,김종수,박충선",7657788.6167,11499824.733,293662,352913,390623.66667,489499,Wed,0,2,4
연평해전,2015-06-24,2068328,1013,3516128,1013,korea,12,Drama,25421,0,28626,3205,(주)넥스트엔터테인먼트월드(NEW),김학순,"김무열,진구,김율호,이현우,이완,이청아,천민희,이한종,박찬희,박혜준,최순조,최승준,최종환,송재호,유형균,박정학,이철민,김강일",10973450.167,16439637,2068328,3516128,856399.86207,1282562.7931,Wed,0,2,4
19곰 테드 2,2015-06-25,137324,297,167144,297,northA,19,Comedy,2480,0,2859,379,유니버설픽쳐스인터내셔널 코리아(유),세스 맥팔레인,"마크 월버그,세스 맥팔레인,아만다 사이프리드,모건 프리먼,리암 니슨",3608531.6667,4921670.4167,137324,167144,708672.65854,965092.63415,Thu,0,2,4
나의 절친 악당들,2015-06-25,126496,384,132615,384,korea,19,Action/Criminal,1261,0,1791,530,이십세기폭스코리아(주),임상수,"류승범,고준희,류현경,샘 오취리,김응수,정원중,양익준,김주혁,이정배,임상수,정인호,최보람,안상완,윤여정,이래규,한효준,홍성훈,이상미,홍의정,이상화,김태영,김형규",5004493.25,7167391.75,126496,132615,904472.46429,1334770.9286,Thu,0,2,4
터미네이터 제니시스,2015-07-02,1986382,1113,2792253,1113,northA,15,Action/Criminal,21550,0,28154,6604,롯데쇼핑㈜롯데엔터테인먼트,앨런 테일러,"아놀드 슈왈제네거,제이슨 클락,에밀리아 클라크,제이 코트니,J.K. 시몬스,다요 오케니이,맷 스미스,코트니 B. 반스,이병헌,아론 V. 윌리엄슨",7448781.75,10599091.25,1986382,2792253,761607.21053,990233.84211,Thu,0,2,4
손님,2015-07-09,720435,634,823209,634,korea,15,SF/Fantasy/Adventure,6443,0,7780,1337,씨제이이앤엠(주),김광태,"류승룡,이성민,천우희,이준,정경호,김정영,박시연,이민지,백승호,유재현,이서연,이승준,전국환,정준원",7149512.65,9660579.6667,720435,823209,965818.5,1527981.32,Thu,0,2,4
우먼 인 골드,2015-07-09,80924,252,107389,252,northA,12,Drama,459,0,540,81,(주)팝엔터테인먼트,사이먼 커티스,"헬렌 미렌,라이언 레놀즈,다니엘 브륄",871095.25,1143178.75,80924,107389,121465.5,173698.5,Thu,0,2,4
인사이드 아웃,2015-07-09,1126848,777,2403862,931,northA,All,Animation,2816,0,3102,286,월트디즈니컴퍼니코리아(주),피트 닥터,"다이안 레인,에이미 포엘러,카일 맥라클란,민디 캘링,빌 헤이더",5107874.5,11964038.5,1126848,2403862,1425444.125,2503493.875,Thu,0,2,4
인시디어스 3,2015-07-09,419904,409,732441,416,northA,15,Horor/Mistery,2639,0,3097,458,유니버설픽쳐스인터내셔널 코리아(유),리 워넬,"스테파니 스콧,더못 멀로니,린 샤예",1259712,2197323,419904,732441,708672.65854,965092.63415,Thu,1,2,4
픽셀,2015-07-16,578736,557,679870,557,northA,12,Action/Criminal,6168,0,6795,627,유니버설픽쳐스인터내셔널 코리아(유),크리스 콜럼버스,"아담 샌들러,케빈 제임스,미셸 모나한,피터 딘클리지,애슐리 벤슨",3277714,4095777,578736,679870,708672.65854,965092.63415,Thu,0,2,4
극장판 요괴워치: 탄생의 비밀이다냥!,2015-07-22,383567,509,500393,509,others,All,Animation,5331,0,5836,505,씨제이이앤엠(주),"타카하시 시게하루,우시로 신지",,1,1,669872.5,1992843,965818.5,1527981.32,Wed,0,2,4
암살,2015-07-22,4689826,1519,7377430,1519,korea,15,Action/Criminal,17305,0,20846,3541,(주)쇼박스,최동훈,"전지현,이정재,하정우,오달수,조진웅,이경영,최덕문,김의성,박병은,김홍파,강용빈,홍성지,지동주,장현석,장용현,김민지,김승찬,안태랑,김예은,김정석,김정호,김준우,김지원,박상민,박정환,조승우,김해숙,진경,박소은,김인우,심희섭",23480240.55,35787694.217,4689826,7377430,1813712.1579,2780266.9474,Wed,0,2,4
미니언즈,2015-07-29,1405690,792,1914063,792,northA,All,Animation,10950,0,11636,686,유니버설픽쳐스인터내셔널 코리아(유),"피에르 꼬팽,카일 발다","산드라 블록,존 햄,마이클 키튼",4318628,5947933.25,2811380,3828126,708672.65854,965092.63415,Wed,0,2,4
미션 임파서블: 로그네이션,2015-07-30,3779323,1202,5058016,1202,northA,15,Action/Criminal,7851,0,8626,775,롯데쇼핑㈜롯데엔터테인먼트,크리스토퍼 맥쿼리,"톰 크루즈,제레미 레너,사이몬 페그,알렉 볼드윈,레베카 퍼거슨",11226692,15021642.5,3779323,5058016,761607.21053,990233.84211,Thu,1,2,4
명탐정 코난 : 화염의 해바라기,2015-08-05,326368,433,429817,433,others,All,Animation,11388,0,11984,596,씨제이이앤엠(주),시즈노 코분,"타카야마 미나미,야마자키 와카나,코야마 리키야,야마구치 캇페이",1224403.5,1610730.5,362288.5,460544.5,965818.5,1527981.32,Wed,0,2,5
베테랑,2015-08-05,3982844,1064,7230136,1115,korea,15,Action/Criminal,8613,0,9952,1339,씨제이이앤엠(주),류승완,"황정민,유아인,유해진,오달수,장윤주,김시후,오대환,정웅인,정만식,송영창,진경,유인영,박소담,이동휘,배성우,천호진,이채은,조덕현,신지수,김성종,권지훈,정윤헌,장한승,김선웅,김성종,우영택,김민재,김재현,김태용,김지수,박지윤,박지혜,손성민,장소연,유재명,배제기,류선영,정재헌,안길강,마동석,김응수",30767027.783,46839201.617,3982844,7230136,965818.5,1527981.32,Wed,0,2,5
미쓰 와이프,2015-08-13,486722,437,702058,437,korea,15,Comedy,4201,0,4930,729,메가박스(주)플러스엠,강효진,"엄정화,송승헌,김상호,라미란,서신애,임보경,강현구,백승호,정지안,조훈휘,최윤철,유영채,홍석현,이승호,이연주,이은정,고수희,안소연,양도연,염동현,황석하,정지훈,조덕제,김병춘,최종률,정유석,이용녀,최일화",3756118.8,5807902.4,486722,702058,693225.23077,986813.84615,Thu,0,3,5
"협녀, 칼의 기억",2015-08-13,399581,572,425752,572,korea,15,History,-38,0,5465,5503,롯데쇼핑㈜롯데엔터테인먼트,박흥식,"이병헌,전도연,김고은,이경영,김태우,이준호,배수빈,문성근,박슬기,장윤성,장은태,강풍,박지훈,고지영,손재영,김수안,김학선",5105800.6167,7218717.0333,351727,426697,761607.21053,990233.84211,Thu,0,3,5
뷰티 인사이드,2015-08-20,989052,648,1557590,648,korea,12,SF/Fantasy/Adventure,10873,0,17219,6346,(주)넥스트엔터테인먼트월드(NEW),백종열,"오상철,한효주,김대명,도지한,배성우,박신혜,이범수,박서준,김상호,천우희,우에노 주리,이재준,김민재,이현우,조달환,이진욱,홍다미,서강준,김희원,이동욱,고아성,김주혁,유연석,이동휘,문숙,이경영,유재상,임예진,정두원,박지현,정은교,조유덕,차수보,차정환,이미도,손영진,신예진,유보라,윤여진,이미애,홍승철,이성준,이소연,이슬기,이승대,신동미,이진성,김시은",19780663.433,29363838.217,989052,1557590,856399.86207,1282562.7931,Thu,0,2,4
퇴마: 무녀굴,2015-08-20,112293,331,119768,331,korea,15,Horor/Mistery,1540,0,1993,453,씨네그루(주)다우기술,김휘,"김성균,유선,천호진,차예련,김혜성,박수민,박시영,임화영,유성훈,윤지민,이상희,이승희,신나리",1939569.5,2371874.75,220438.5,233667.5,281614.25,348647.375,Thu,0,2,4
판타스틱 4,2015-08-20,359522,451,398864,451,northA,12,Action/Criminal,2185,0,3209,1024,이십세기폭스코리아(주),조쉬 트랭크,"마일즈 텔러,케이트 마라,제이미 벨,마이클 B. 조던",2347532.1667,3155678,359522,398864,904472.46429,1334770.9286,Thu,1,2,4
아메리칸 울트라,2015-08-27,157694,341,161382,341,northA,19,Action/Criminal,1786,0,2026,240,씨제이이앤엠(주),니마 누리자데,"제시 아이젠버그,크리스틴 스튜어트,코니 브리튼,토퍼 그레이스,월튼 고긴스,존 레귀자모",1907956,2415369.75,157694,161382,965818.5,1527981.32,Thu,0,2,4
치외법권,2015-08-27,326903,446,345552,446,korea,15,Action/Criminal,2645,0,3298,653,판씨네마(주),신동엽,"임창정,최다니엘,임은경,장광,이경영,문제영,정한비,박영진,임정아,박일우,정형석,조원재,서동수,서진원,이응준,안현준,최병모,방은희,반민정",2725893.95,3646406.2,326903,345552,305844.4,464021.6,Thu,0,2,4
앤트맨,2015-09-03,1680869,949,2506008,949,northA,12,Action/Criminal,4982,0,6457,1475,월트디즈니컴퍼니코리아(주),페이튼 리드,"폴 러드,마이클 더글라스,에반젤린 릴리,코리 스톨",6723476,10024032,1680869,2506008,1425444.125,2503493.875,Thu,0,2,4
오피스,2015-09-03,347983,425,438377,425,korea,15,Thiller/War,3083,0,3593,510,(주)리틀빅픽쳐스,홍원찬,"고아성,박성웅,배성우,김의성,류현경,이채은,오대환,박정민,이정환,최철수,안지혜,이성진,이영수,최병모,기주봉",4194944.9333,5943290.7667,347983,438377,240664.11111,301766.11111,Thu,0,2,4
셀프/리스,2015-09-10,100271,340,110891,340,northA,15,SF/Fantasy/Adventure,695,0,833,138,(주)이수C&E,타셈 싱,"라이언 레놀즈,벤 킹슬리,매튜 구드",1695836.3167,2408789.9167,100271,110891,181013.07692,225892.15385,Thu,0,2,4
함정,2015-09-10,245730,445,257781,445,korea,19,Thiller/War,1472,0,2023,551,(주)인벤트스톤,권형진,"마동석,조한선,김민경,지안,이정원,최선주,하태웅",3315524,4281734.75,245730,257781,245730,257781,Thu,0,2,4
메이즈 러너: 스코치 트라이얼,2015-09-16,1314982,804,2320466,804,northA,12,Action/Criminal,33949,0,35841,1892,이십세기폭스코리아(주),웨스 볼,"딜런 오브라이언,토마스 생스터,카야 스코델라리오,이기홍",5534996,9464883,1314982,2320466,904472.46429,1334770.9286,Wed,1,2,6
사도,2015-09-16,2245849,1210,4789782,1210,korea,12,History,19807,0,22459,2652,(주)쇼박스,이준익,"송강호,유아인,문근영,전혜진,김해숙,박원상,진지희,박소담,서예지,이효제,곽동호,최희영,정호,이현철,김상훈,이민혜,김경원,김대환,김민규,양지혜,안현숙,김우진,이대연,최덕문,정석용,최민철,안정우,안태훈,조승연",12037609.5,21809526.333,1363526.3333,2498335.3333,1813712.1579,2780266.9474,Wed,0,2,6
뮨: 달의 요정,2015-09-24,183940,365,244975,365,europe,All,Animation,658,1,747,89,씨네그루(주)다우기술,"알렉상드르 헤보얀,베노이트 필립폰","조슈아 J. 발라드,오마 사이",484840.66667,603068.66667,367880,489950,281614.25,348647.375,Thu,0,4,6
서부전선,2015-09-24,535796,509,597246,509,korea,12,Thiller/War,2987,1,4085,1098,롯데쇼핑㈜롯데엔터테인먼트,천성일,"설경구,여진구,이경영,정성화,정인기,김원해,김태훈,정석원,한민수,조상원,이찬유,김선영,이은형,이소명,유순철,김동규,오성택,김명환,김민지,김종석,김지영,김태훈,박시연,박아형,박지연,박지원,최호중,김시은,조희봉",4485043.5333,5834935.7,535796,597246,761607.21053,990233.84211,Thu,0,4,6
에베레스트,2015-09-24,284437,331,328744,331,northA,12,SF/Fantasy/Adventure,1353,1,1559,206,유니버설픽쳐스인터내셔널 코리아(유),발타자르 코루마쿠르,"제이슨 클락,조슈 브롤린,키이라 나이틀리,샘 워싱턴,제이크 질렌할",2314147,3112745.5,284437,328744,708672.65854,965092.63415,Thu,0,4,6
인턴,2015-09-24,930715,496,1699555,659,northA,12,Comedy,4946,1,5224,278,워너브러더스 코리아(주),낸시 마이어스,"앤 해서웨이,로버트 드니로,르네 루소,냇 울프,아담 드바인,앤드류 라넬스",3852168.1667,7301670,930715,1699555,898054.19231,1389867.7308,Thu,0,4,6
탐정 : 더 비기닝,2015-09-24,1532215,764,2162055,764,korea,15,Comedy,2681,1,3319,638,씨제이이앤엠(주),김정훈,"권상우,성동일,박해준,이승준,조복래,오정세,박준면,이일화,서영희,강민지,홍서현,천유나,차승연,정종훈,정승연,이현기,이찬희,김승배,김은지,김태훈,김하늘,김희영,모일영,박민철,박성일,박시영,박지혜,최성원,홍은택,이해영,지대한",10154344,16781196.5,1532215,2162055,965818.5,1527981.32,Thu,0,4,6
마션,2015-10-08,2291525,1132,3348174,1132,northA,12,Action/Criminal,6020,0,6812,792,이십세기폭스코리아(주),리들리 스콧,"맷 데이먼,제시카 차스테인,제프 다니엘스,케이트 마라,크리스틴 위그",7820818.8333,11641820.5,1399545.3333,1993002.6667,904472.46429,1334770.9286,Thu,0,3,5
성난 변호사,2015-10-08,729895,607,1039227,607,korea,15,Action/Criminal,2503,0,2973,470,씨제이이앤엠(주),허종호,"오상철,이선균,김고은,임원희,장현성,최재웅,김윤혜,홍성덕,배유람,권귀덕,조경섭,조경섭,정진근,장명진,이확광,이형섭,이은택,이수민,이기창,유영진,김현정,노영화,송원종,박지영",4294547.75,6068243,729895,1039227,965818.5,1527981.32,Thu,0,3,5
팬,2015-10-08,164154,428,182969,428,northA,All,SF/Fantasy/Adventure,2088,0,2406,318,워너브러더스 코리아(주),조 라이트,"휴 잭맨,가렛 헤드룬드,루니 마라,리바이 밀러,아만다 사이프리드",1201625,1500964.25,164154,182969,898054.19231,1389867.7308,Thu,0,3,5
트랜스포터: 리퓰드,2015-10-15,148790,432,161245,432,europe,15,Action/Criminal,668,0,978,310,씨네그루(주)다우기술,카밀 들라마레,"에드 스크레인,론 샤바놀",1277504.5,1688843,148790,161245,281614.25,348647.375,Thu,1,2,4
더 폰,2015-10-22,1028591,794,1480792,794,korea,15,Thiller/War,4725,0,5205,480,(주)넥스트엔터테인먼트월드(NEW),김봉주,"손현주,엄지원,배성우,김성종,권지훈,조용관,정한빈,정진근,장한별,임태훈,이확광,김성종,이병권,김경애,김광섭,이광기,김영민,김용환,김소영,김주희,김태환,김한준,서병철,백동현,이철민,노정의,장인섭,조달환,황석정",5529137.9,8138378,1028591,1480792,856399.86207,1282562.7931,Thu,0,2,4
특종: 량첸살인기,2015-10-22,508629,776,609717,776,korea,15,Thiller/War,2277,0,2717,440,롯데쇼핑㈜롯데엔터테인먼트,노덕,"조정석,이미숙,이하나,김의성,배성우,김대명,태인호,김수안,김기호,김민재,오주환,이정은,최병모,윤다경",4711826.2333,6467661,508629,609717,761607.21053,990233.84211,Thu,0,2,4
그놈이다,2015-10-28,787901,681,981032,681,korea,15,Thiller/War,5083,0,5658,575,CGV아트하우스,윤준형,"주원,유해진,이유영,류혜영,서현우,이준혁,윤석진,김민서,김현정,박지윤,장인섭,윤다경",6010464.5,9048327.2,787901,981032,421651.66667,606124.26667,Wed,0,2,4
맨 프롬 UNCLE,2015-10-28,101097,361,108304,361,northA,12,Action/Criminal,493,0,557,64,워너브러더스 코리아(주),가이 리치,"헨리 카빌,아미 해머,알리시아 비칸데르,엘리자베스 데비키,휴 그랜트",1915243.5,2310198.8333,242382.5,261368.5,898054.19231,1389867.7308,Wed,0,2,4
하늘을 걷는 남자,2015-10-28,202517,415,232989,415,northA,12,Drama,1162,0,1338,176,유니버설픽쳐스인터내셔널 코리아(유),로버트 저메키스,"조셉 고든 레빗,벤 킹슬리,샬롯 르 본",989323.4,1364736,310339,353549,708672.65854,965092.63415,Wed,0,2,4
더 셰프,2015-11-05,160856,409,184972,409,northA,15,Drama,844,0,914,70,(주)이수C&E,존 웰스,"브래들리 쿠퍼,시에나 밀러,오마 사이,다니엘 브륄,엠마 톰슨,우마 서먼",1410549.4167,1696025.9167,160856,184972,181013.07692,225892.15385,Thu,0,2,4
스파이 브릿지,2015-11-05,204921,425,258229,425,northA,12,Thiller/War,756,0,878,122,이십세기폭스코리아(주),스티븐 스필버그,"톰 행크스,마크 라이런스,오스틴 스토웰",726281.66667,1632759,139519,1275774,904472.46429,1334770.9286,Thu,0,2,4
007 스펙터,2015-11-11,1412150,1105,1711319,1105,europe,15,Action/Criminal,6053,0,6919,866,유니버설픽쳐스인터내셔널 코리아(유),샘 멘데스,"다니엘 크레이그,레아 세이두,크리스토프 왈츠,모니카 벨루치",5278774,6408838,1412150,1711319,708672.65854,965092.63415,Wed,1,2,4
헝거게임: 더 파이널,2015-11-18,541092,661,708673,661,northA,15,Action/Criminal,12169,0,13214,1045,롯데쇼핑㈜롯데엔터테인먼트,프란시스 로렌스,"제니퍼 로렌스,조쉬 허처슨,리암 헴스워스,필립 세이모어 호프만,줄리안 무어,우디 해럴슨,엘리자베스 뱅크스,도날드 서덜랜드",5440250,7136300.25,541092,708673,761607.21053,990233.84211,Wed,1,2,4
내부자들,2015-11-19,2452790,1075,4019452,1129,korea,19,Action/Criminal,6579,0,12198,5619,(주)쇼박스,우민호,"이병헌,조승우,백윤식,이경영,김홍파,배성우,조재윤,김대명,조우진,이엘,정만식,김병옥,김의성,박진우,남일우,김연지,김진우,문소리,박경순,설우신,손혜진,신정미,윤보배,이선관,이재남,이재정,이주아,신지수,장현준,최정연,황준혁,손종학,조덕제,유재명",16263958.383,23889460.767,1799213.5,2841732,1813712.1579,2780266.9474,Thu,0,2,4
괴물의 아이,2015-11-25,135468,363,179612,363,others,12,Animation,2458,0,2612,154,"CGV아트하우스,(주)리틀빅픽쳐스",호소다 마모루,"야쿠쇼 코지,미야자키 아오이,소메타니 쇼타,히로세 스즈",539252,718065,135468,179612,662315.77778,907890.37778,Wed,0,2,4
도리화가,2015-11-25,280379,563,308033,563,korea,12,History,6150,0,12459,6309,씨제이이앤엠(주),이종필,"류승룡,배수지,송새벽,김남길,이동휘,안재홍,김태훈,조정숙,황태양,권유진,김은지,김은지,김정곤,박선,박솔지,박윤호,이광호,이상우,이유나,이윤정,이준,이지은,이혜진,진선규",4502772.6667,6282704.1667,280379,308033,965818.5,1527981.32,Wed,0,2,4
열정같은소리하고있네,2015-11-25,444742,566,573654,566,korea,15,Drama,7803,0,8738,935,(주)넥스트엔터테인먼트월드(NEW),정기훈,"정재영,박보영,오달수,배성우,류덕환,류현경,진경,윤균상,최홍원,김보람,김정훈,서동원,신정훈,육진영,이미경,이상훈,이영진,이병준,유하복",4217218,5923648.8,444742,573654,856399.86207,1282562.7931,Wed,0,2,4
극적인 하룻밤,2015-12-03,248824,434,318156,434,korea,19,Melo/Romance,2059,0,2589,530,CGV아트하우스,하기호,"윤계상,한예리,박효주,조복래,박병은,정수영,조영균,하정완,한정국,김수정,한지은,이지훈,정수연,김재화,박현지,진선규,김의성",2453803.3333,3117686.1667,248824,318156,421651.66667,606124.26667,Thu,0,2,4
사우스포,2015-12-03,90732,335,100419,335,northA,15,Drama,1624,0,1836,212,씨네그루(주)다우기술,안톤 후쿠아,"제이크 질렌할,레이첼 맥아담스,포레스트 휘테커,나오미 해리스",1891465,2535630.5,423371,506794.5,281614.25,348647.375,Thu,0,2,4
시카리오: 암살자의 도시,2015-12-03,81086,227,120563,227,northA,19,Action/Criminal,369,0,409,40,롯데쇼핑㈜롯데엔터테인먼트,드니 빌뇌브,"에밀리 블런트,베니치오 델 토로,조슈 브롤린",512020.5,645652.83333,277563,356117,761607.21053,990233.84211,Thu,1,2,4
하트 오브 더 씨,2015-12-03,493920,535,798732,535,northA,12,Action/Criminal,1399,0,1575,176,워너브러더스 코리아(주),론 하워드,"크리스 헴스워스,킬리언 머피,벤 위쇼,샬롯 라일리,브렌단 글리슨,벤자민 워커",3142059.5833,5127205.6667,525913,721533,898054.19231,1389867.7308,Thu,0,2,4
레전드,2015-12-10,176103,449,179578,449,europe,19,Action/Criminal,1714,0,1823,109,(주)이수C&E,브라이언 헬겔랜드,"톰 하디,태런 에저튼,에밀리 브라우닝",1574762.0833,2628883,176103,179578,181013.07692,225892.15385,Thu,0,2,4
뽀로로 극장판 컴퓨터 왕국 대모험,2015-12-10,192141,544,297916,544,korea,All,Animation,877,0,1000,123,(주)넥스트엔터테인먼트월드(NEW),박영균,"이선,이미자,함수정,홍소영,정미숙,김서영,김환진,엄상현,홍범기",1528845.6667,2090835.3333,192141,297916,856399.86207,1282562.7931,Thu,0,2,4
대호,2015-12-16,929343,892,1501596,892,korea,12,History,6695,0,8397,1702,(주)넥스트엔터테인먼트월드(NEW),박훈정,"최민식,정만식,김상호,성유빈,오스기 렌,정석원,김홍파,라미란,이은우,현승민,우정국,박인수,김진혁,양준호,양호성,윤성민,이상민,장한별,주창욱,남연우,유재명,박지환",10777899.05,16755823.4,929343,1501596,856399.86207,1282562.7931,Wed,0,2,4
히말라야,2015-12-16,2081648,1012,4592391,1095,korea,12,Drama,11717,0,13693,1976,씨제이이앤엠(주),이석훈,"황정민,정우,조성하,김인권,라미란,김원해,이해영,전배수,정유미,유선,한명환,김재준,박민우,배상민,이춘우,이혜진,최종률",18528219.167,32388829,2081648,4592391,965818.5,1527981.32,Wed,0,2,4
스타워즈: 깨어난 포스,2015-12-17,1563846,940,2708230,940,northA,12,Action/Criminal,12558,0,14170,1612,월트디즈니컴퍼니코리아(주),J.J. 에이브럼스,"해리슨 포드,마크 해밀,캐리 피셔,사이몬 페그,오스카 아이삭,막스 본 시도우,돔놀 글리슨",8722678.6667,14044660.667,1563846,2708230,1425444.125,2503493.875,Thu,1,3,6
어린왕자,2015-12-23,396420,494,543509,494,europe,All,Animation,4228,0,4537,309,씨네그루(주)다우기술,마크 오스본,"제프 브리지스,레이첼 맥아담스,맥켄지 포이,마리옹 꼬띠아르,제임스 프랭코,베니치오 델 토로,알버트 브룩스,리키 제바이스,폴 지아마티,버드 코트,릴리 오스본",4052290.75,5653901.1667,396420,543509,281614.25,348647.375,Wed,0,4,7
포켓몬 더 무비 XY 후파: 광륜의 초마신,2015-12-23,198841,360,281543,360,others,All,Animation,5407,0,5689,282,(주)이수C&E,유야마 쿠니히코,,0,0,179720.33333,251038.66667,181013.07692,225892.15385,Wed,0,4,7
몬스터 호텔 2,2015-12-24,962770,686,1376297,686,northA,All,Animation,4073,0,4342,269,유니버설픽쳐스인터내셔널 코리아(유),젠디 타타코브스키,"아담 샌들러,셀레나 고메즈,케빈 제임스,스티브 부세미",3758588,5112921.5,962770,1376297,708672.65854,965092.63415,Thu,0,4,7
스누피: 더 피너츠 무비,2015-12-24,156376,348,190665,348,northA,All,Animation,2731,0,2911,180,이십세기폭스코리아(주),스티브 마티노,,0,0,156376,190665,904472.46429,1334770.9286,Thu,0,4,7
라스트 위치 헌터,2015-12-30,119264,278,121380,278,northA,15,Action/Criminal,1163,0,1304,141,TCO(주)더콘텐츠온,브렉 에이즈너,"빈 디젤,일라이저 우드,로즈 레슬리,마이클 케인",2270613.5333,3889375.0667,119264,121380,119264,121380,Wed,0,3,5
조선마술사,2015-12-30,571279,608,620360,608,korea,12,Drama,11616,0,13233,1617,롯데쇼핑㈜롯데엔터테인먼트,김대승,"유승호,고아라,곽도원,조윤희,이경영,박철민,손병호,조달환,서범식,김지민,이재웅,최광락,장유상,임종윤,박충선",5956674.4667,8270046.9333,571279,620360,761607.21053,990233.84211,Wed,0,3,5
내부자들: 디 오리지널,2015-12-31,1145637,838,1664012,838,korea,19,Action/Criminal,6579,0,12198,5619,(주)쇼박스,우민호,"신지수,이병헌,조승우,백윤식,이경영,김홍파,배성우,조재윤,김대명,조우진,이엘,정만식,김병옥,박진우,남일우,김의성,손종학,조덕제,유재명",15235470.383,22539507.767,1799213.5,2841732,1813712.1579,2780266.9474,Thu,0,3,5
셜록: 유령신부,2016-01-02,1086912,891,1239387,891,europe,12,Action/Criminal,12039,0,12494,455,메가박스(주)플러스엠,더글라스 맥키넌,"베네딕트 컴버배치,마틴 프리먼",2809767.25,3865007.75,1086912,1239387,693225.23077,986813.84615,Sat,1,2,4
굿 다이노,2016-01-07,736477,814,1273087,575,northA,All,Animation,1648,0,1866,218,월트디즈니컴퍼니코리아(주),피터 손,,1,1,736477,1273087,1425444.125,2503493.875,Thu,0,2,4
나를 잊지 말아요,2016-01-07,391766,559,423372,559,korea,15,Melo/Romance,5914,0,6851,937,씨제이이앤엠(주),이윤정,"정우성,김하늘,배성우,장영남,조이진,임주은,허진,이준혁,온주완,권해효,김봉근,윤다경,임태호,박지원,이상훈,이승원,이우주,이은이,최준환",5665594.3,8473987.2333,391766,423372,965818.5,1527981.32,Thu,0,2,4
짱구는 못말려 극장판: 나의 이사 이야기 선인장 대습격,2016-01-07,130530,350,179809,350,others,All,Animation,4832,0,5053,221,(주)넥스트엔터테인먼트월드(NEW),하시모토 마사카즈,,1,1,130530,179809,856399.86207,1282562.7931,Thu,0,2,4
포인트 브레이크,2016-01-07,249239,409,292174,409,northA,15,Action/Criminal,1086,0,1262,176,"(주)시네마서비스,(주)나이너스엔터테인먼트",에릭슨 코어,"루크 브레이시,에드가 라미레즈,테레사 팔머",976522,1244497.5,249239,292174,720247,899651.33333,Thu,0,2,4
헤이트풀8,2016-01-07,92834,167,111398,167,northA,19,Action/Criminal,824,0,973,149,(주)누리픽쳐스,쿠엔틴 타란티노,"사무엘 L. 잭슨,커트 러셀,제니퍼 제이슨 리,월튼 고긴스,데미안 비쉬어,팀 로스,마이클 매드슨,브루스 던,채닝 테이텀",1429164,1807486.4,92834,111398,92834,111398,Thu,0,2,4
구스범스,2016-01-14,245631,515,301655,515,northA,12,Action/Criminal,2178,0,2541,363,유니버설픽쳐스인터내셔널 코리아(유),롭 레터맨,"잭 블랙,딜런 미네트,오데야 러쉬,할스톤 세이지",2022945,2861150.5,245631,301655,708672.65854,965092.63415,Thu,0,2,4
그날의 분위기,2016-01-14,495339,592,623241,592,korea,15,Melo/Romance,6815,0,8071,1256,(주)쇼박스,조규장,"김정희,문채원,유연석,조재윤,김슬기,이해영,이연두,박민우,이창해,인교진,임영,박태영,정경옥,박호진,정라엘,서정희,오형근,이범희,이은정",7454430.45,12619227.067,495339,623241,1813712.1579,2780266.9474,Thu,0,2,4
레버넌트: 죽음에서 돌아온 자,2016-01-14,1120352,967,1670349,967,northA,15,SF/Fantasy/Adventure,4334,0,5179,845,이십세기폭스코리아(주),알레한드로 곤잘레스 이냐리투,"레오나르도 디카프리오,톰 하디",1941495.3333,3049376,640049,928626.5,904472.46429,1334770.9286,Thu,0,2,4
극장판 꼬마버스 타요의 에이스 구출작전,2016-01-21,82893,200,114507,200,korea,All,Animation,1120,0,1247,127,(주)아이코닉스,류정우,,1,1,82893,114507,82893,114507,Thu,0,2,4
빅쇼트,2016-01-21,265982,489,379951,489,northA,19,Drama,982,0,1085,103,롯데쇼핑㈜롯데엔터테인먼트,아담 맥케이,"크리스찬 베일,스티브 카렐,라이언 고슬링,브래드 피트",1597346.5,2462377.5,265982,379951,761607.21053,990233.84211,Thu,0,2,4
오빠생각,2016-01-21,731110,855,952918,855,korea,12,Drama,7165,0,8257,1092,(주)넥스트엔터테인먼트월드(NEW),이한,"임시완,고아성,이희준,이준혁,정준원,이레,김영재,임윤경,정대웅,정병두,정세훈,이건하,이성욱,이승빈,이승준,이연화,홍동영,홍솔,강현구,정준용",4585533.3333,6136323.6667,731110,952918,856399.86207,1282562.7931,Thu,0,2,4
"로봇, 소리",2016-01-27,335060,609,396463,609,korea,12,Drama,5082,0,5859,777,롯데쇼핑㈜롯데엔터테인먼트,이호재,"이성민,이희준,이하늬,김원해,채수빈,심은경,곽시양,이영진,이무생,남연우,전국환,류준열,박영수,이현석,박정민,박지훈,안광복,유민상,이상우,이승준,노소영",6437258.65,9101657.4167,335060,396463,761607.21053,990233.84211,Wed,0,2,6
쿵푸팬더3,2016-01-28,1863589,1365,2986765,1365,northA,All,Animation,11788,0,12441,653,씨제이이앤엠(주),"여인영,알레산드로 칼로니","잭 블랙,안젤리나 졸리,더스틴 호프만,성룡,세스 로건,루시 리우,데이빗 크로스,J.K. 시몬스",9360174.25,14943561.75,3727178,5973530,965818.5,1527981.32,Thu,0,2,7
검사외전,2016-02-03,6405797,1812,8390871,1812,korea,15,Action/Criminal,44399,1,46891,2492,(주)쇼박스,이일형,"황정민,강동원,이성민,박성웅,김응수,신소율,주진모,김원해,김홍파,김병옥,박종환,전배수,박지환,손종학,신혜선,김시은,김종수,한재영,박지환,박종우,박지홍,송승현,윤석민,이규호,이석준,이선주,이승민,이승우,이승준,이승훈,이승훈,최현준",22779897.633,32200625.967,6405797,8390871,1813712.1579,2780266.9474,Wed,0,5,7
앨빈과 슈퍼밴드: 악동 어드벤처,2016-02-04,205800,380,279897,380,northA,All,Animation,2438,1,2567,129,이십세기폭스코리아(주),월트 벡커,"저스틴 롱,제이슨 리,매튜 그레이 거블러,제시 맥카트니",823200,1119588,205800,279897,904472.46429,1334770.9286,Thu,0,5,7
최강전사 미니특공대: 영웅의 탄생,2016-02-04,87395,349,112268,349,korea,All,Animation,614,1,720,106,(주)삼지Animation,이영준,"엄상현,양정화,전태열",450491.66667,566442.66667,90211.5,119990,87395,112268,Thu,0,5,7
캐롤,2016-02-04,145373,275,255357,288,northA,19,Drama,1099,1,1191,92,CGV아트하우스,토드 헤인즈,"케이트 블란쳇,루니 마라,카일 챈들러,제이크 레이시,사라 폴슨",1335362.1667,2090326.6667,145373,255357,421651.66667,606124.26667,Thu,0,5,7
극장판 아이엠스타 : 꿈의 오디션!,2016-02-11,260555,288,135830,254,others,All,Animation,7314,0,7680,366,씨제이이앤엠(주),키무라 류이치,"정혜원,이용신,소연,이선,신용우",1208988.7,960258.4,260555,135830,965818.5,1527981.32,Thu,0,2,4
대니쉬 걸,2016-02-17,77162,246,103742,246,northA,19,Drama,3262,0,3482,220,유니버설픽쳐스인터내셔널 코리아(유),톰 후퍼,"에디 레드메인,알리시아 비칸데르,엠버 허드,벤 위쇼",1979196,2707284.6667,77162,103742,708672.65854,965092.63415,Wed,0,2,4
데드풀,2016-02-17,2108639,1036,2893951,1036,northA,19,Action/Criminal,12959,0,14601,1642,이십세기폭스코리아(주),팀 밀러,"라이언 레놀즈,모레나 바카린,에드 스크레인,지나 카라노,T.J. 밀러,브리아나 힐데브란드",7599504.25,10564125.75,2108639,2893951,904472.46429,1334770.9286,Wed,0,2,4
동주,2016-02-17,387085,499,774175,543,korea,12,Drama,7482,0,8002,520,메가박스(주)플러스엠,이준익,"강하늘,박정민,김인우,최홍일,김정석,최희서,신윤주,문성근,최종률,전재형,정운봉,이선주,허욱진",4723306.8,7232587.2,1363526.3333,2498335.3333,693225.23077,986813.84615,Wed,0,2,4
좋아해줘,2016-02-17,622398,637,802979,637,korea,12,Melo/Romance,9951,0,11032,1081,씨제이이앤엠(주),박현진,"이미연,최지우,김주혁,유아인,강하늘,이솜,하석진,지윤호,한재영,선주아,이춘우,이한승,이현서,장원진,전호성,송창현,이서연,이성진,이승연",7201939.05,11558184.45,622398,802979,965818.5,1527981.32,Wed,0,2,4
주토피아,2016-02-17,647314,661,1535225,735,northA,All,Animation,2292,0,2474,182,월트디즈니컴퍼니코리아(주),"바이론 하워드,리치 무어","지니퍼 굿윈,제이슨 베이트먼,샤키라",1941942,4605675,1294628,3070450,1425444.125,2503493.875,Wed,0,2,4
귀향,2016-02-24,1907746,876,2744991,876,korea,15,Drama,45538,0,47687,2149,(주)와우픽쳐스,조정래,"손숙,강하나,서미지,최리,정인기,오지혜,김시은,이채현,임성철,임혜영,박주현,박지희,박진경,장현익,정광윤,정부경,정승현,안재성,이경훈,이민영,이선희,이수현,이승현,이여원,김완기,김은나",8852755,12651082.5,1907746,2744991,923532.33333,1245278.6667,Wed,0,2,5
순정,2016-02-24,227381,467,236301,467,korea,12,Drama,29181,0,31698,2517,(주)리틀빅픽쳐스,이은희,"도경수,김소현,연준석,이다윗,주다영,박용우,박해준,김지호,이범수,이대연,황석정,박정민,김권,오유진,박충선,조우람,최민석",7740119,10959353.5,227381,236301,240664.11111,301766.11111,Wed,0,2,5
스포트라이트,2016-02-24,162007,320,240008,320,northA,15,Drama,1052,0,1122,70,(주)팝엔터테인먼트,토마스 맥카시,"마이클 키튼,마크 러팔로,레이첼 맥아담스",4710957.5833,7231689.9167,162007,240008,121465.5,173698.5,Wed,0,2,5
남과 여,2016-02-25,182382,449,198622,449,korea,19,Melo/Romance,9311,0,10545,1234,(주)쇼박스,이윤기,"전도연,공유,이미소,정선경,윤세아,김혜옥,박민지,전준호,오정완,조희,윤신혜,이보영,이상희",4207277.6667,6107658.3333,190395,212686.5,1813712.1579,2780266.9474,Thu,0,3,5
제 5침공,2016-02-25,130202,312,135840,312,northA,12,Action/Criminal,2374,0,2777,403,유니버설픽쳐스인터내셔널 코리아(유),J 블레이크슨,"클로이 모레츠,닉 로빈슨,알렉스 로",390606,407520,130202,135840,708672.65854,965092.63415,Thu,0,3,5
13시간,2016-03-03,126286,380,142513,380,northA,15,Action/Criminal,651,0,770,119,롯데쇼핑㈜롯데엔터테인먼트,마이클 베이,"존 크랜신스키,파블로 쉬레이버,토비 스티븐스",378858,427539,1070861.5,1311234.5,761607.21053,990233.84211,Thu,0,2,4
갓 오브 이집트,2016-03-03,628970,618,823410,618,northA,12,SF/Fantasy/Adventure,2089,0,2439,350,"(주)시네마서비스,(주)나이너스엔터테인먼트",알렉스 프로야스,"제라드 버틀러,니콜라이 코스터 왈도,코트니 이튼,브렌튼 스웨이츠,애비 리",3657486.5,4969703.5,628970,823410,720247,899651.33333,Thu,0,2,4
널 기다리며,2016-03-10,414657,551,595871,551,korea,19,Thiller/War,3596,0,3993,397,(주)넥스트엔터테인먼트월드(NEW),모홍진,"심은경,윤제문,김성오,오태경,정해균,안재홍,김원해,지대한,이호열,장준현,정재숙,정진혁,조제웅,유경훈,이동혁",4758881.5833,6815150.3333,414657,595871,856399.86207,1282562.7931,Thu,0,2,4
런던 해즈 폴른,2016-03-10,418095,523,665623,526,northA,15,Action/Criminal,1186,0,1325,139,메가박스(주)플러스엠,바박 나자피,"제라드 버틀러,아론 에크하트,모건 프리먼,안젤라 바셋",1879216.6667,2729594.6667,418095,665623,693225.23077,986813.84615,Thu,0,2,4
조이,2016-03-10,139857,405,167629,405,northA,12,Comedy,2028,0,2287,259,이십세기폭스코리아(주),데이빗 O. 러셀,"제니퍼 로렌스,브래들리 쿠퍼,로버트 드니로",1972346.75,2785229,139857,167629,904472.46429,1334770.9286,Thu,0,2,4
부활,2016-03-17,55225,120,108041,146,northA,12,Drama,1144,0,1226,82,유니버설픽쳐스인터내셔널 코리아(유),케빈 레이놀즈,"조셉 파인즈,톰 펠튼",110450,216082,55225,108041,708672.65854,965092.63415,Thu,0,2,4
글로리데이,2016-03-24,141660,494,179641,494,korea,15,Drama,24912,0,26181,1269,(주)엣나인필름,최정열,"지수,김준면,류준열,김희찬,김동완,김종수,문희경,유하복,이주실,이춘우,장시원,박성인,정다연,배연수,정지상,안병래,여기한,조제웅,유승완,윤기현,윤민영,이상희,이성훈,최승민,한보람,김용",3500591.3333,5184440.3333,141660,179641,123143,150938,Thu,0,2,4
배트맨 대 슈퍼맨: 저스티스의 시작,2016-03-24,1646940,1709,2059591,1709,northA,12,Action/Criminal,13821,0,16024,2203,워너브러더스 코리아(주),잭 스나이더,"헨리 카빌,벤 애플렉,에이미 아담스,로렌스 피쉬번,제시 아이젠버그,제레미 아이언스,홀리 헌터,갤 가돗",7644131.5,9391907.25,1646940,2059591,898054.19231,1389867.7308,Thu,1,2,4
대배우,2016-03-30,156791,474,274413,575,korea,12,Comedy,2061,0,2352,291,"(주)대명문화공장,(주)리틀빅픽쳐스",석민우,"오달수,윤제문,이경영,진경,강신일,유지태,김명민,김새론,이준익,최병모,최희진,권용덕,박지환,임태훈,임호,정성호,신동필,이영미,한대룡,김문학,김윤주",5458529.6333,8413449.9167,156791,274413,394191.11111,584894.11111,Wed,0,2,4
미스컨덕트,2016-03-30,135226,470,147257,470,northA,15,Action/Criminal,1521,0,1725,204,"(주)박수엔터테인먼트,㈜코리아스크린",시모사와 신타로,"알 파치노,안소니 홉킨스,조쉬 더하멜,이병헌",3524476,4540164,135226,147257,234014.33333,307281.33333,Wed,0,2,4
"날, 보러와요",2016-04-07,615271,683,865322,683,korea,19,Horor/Mistery,3961,0,4353,392,메가박스(주)플러스엠,이철하,"강예원,이상윤,최진호,지대한,김종수,이학주,장태성,유건,길해연,조재윤,이형석,박송해,정경일,안용우,안지혜,안지혜,최낙영,이규호,이상백,이승진",4813016.2,6679192.0667,615271,865322,693225.23077,986813.84615,Thu,0,3,5
독수리 에디,2016-04-07,190073,528,217627,528,northA,12,Drama,932,0,1104,172,이십세기폭스코리아(주),덱스터 플레처,"태런 에저튼,휴 잭맨",1106784.75,1775059.75,190073,217627,904472.46429,1334770.9286,Thu,0,3,5
클로버필드 10번지,2016-04-07,301274,575,343186,575,northA,15,Horor/Mistery,1245,0,1517,272,롯데쇼핑㈜롯데엔터테인먼트,댄 트라첸버그,"메리 엘리자베스 윈스티드,존 굿맨,존 갤러거 주니어",1350940,1655656.5,301274,343186,761607.21053,990233.84211,Thu,0,3,5
시간이탈자,2016-04-13,663977,733,1002455,733,korea,15,Thiller/War,6426,0,7164,738,씨제이이앤엠(주),곽재용,"임수정,조정석,이진욱,정진영,이기우,온주완,전신환,이민호,김보라,임예진,정웅인,박준규,남태부,차은재,박지원,박소영,백준혁,조민영,신지수,이동희,이성준,이영민,김수영",8012066.5,12132233.583,663977,1002455,965818.5,1527981.32,Wed,0,3,5
해어화,2016-04-13,303873,572,427642,572,korea,15,History,730,0,9015,8285,롯데쇼핑㈜롯데엔터테인먼트,박흥식,"한효주,유연석,천우희,박성웅,장영남,이한위,류혜영,김수안,차지연,장인섭,박찬미,장희선,박효빈,송동규,송승환,양재준,천영암,이규정,이민준,이서연,이성우,이은주,최혁준",5705775.1,8213114.5,351727,426697,761607.21053,990233.84211,Wed,0,3,5
헌츠맨: 윈터스 워,2016-04-13,346027,557,439357,557,northA,12,Action/Criminal,2409,0,2702,293,유니버설픽쳐스인터내셔널 코리아(유),세딕 니콜라스 트로얀,"크리스 헴스워스,샤를리즈 테론,에밀리 블런트,제시카 차스테인",4112845.4167,7066162.6667,346027,439357,708672.65854,965092.63415,Wed,1,3,5
위대한 소원,2016-04-21,256048,524,229770,524,korea,15,Comedy,2972,0,3408,436,(주)넥스트엔터테인먼트월드(NEW),남대중,"류덕환,김동영,안재홍,전노민,전미선,장원식,양정인,조우진,우지원,유정래,윤도영,이상민,이소정,이소정,이원희,한기업,한민석,황슬빛나,황용",3105378.3333,3754751.3333,256048,229770,856399.86207,1282562.7931,Thu,0,2,4
캡틴 아메리카: 시빌 워,2016-04-27,4871540,1991,7567445,1991,northA,12,Action/Criminal,51935,0,55504,3569,월트디즈니컴퍼니코리아(주),"안소니 루소,조 루소","크리스 에반스,로버트 다우니 주니어,스칼렛 요한슨,세바스찬 스탠,안소니 마키,돈 치들,제레미 레너,톰 홀랜드",23652936.133,37354975.4,9743080,15134890,1425444.125,2503493.875,Wed,1,2,6
극장판 안녕 자두야,2016-05-04,219975,523,265148,523,korea,All,Animation,1588,0,1719,131,씨제이이앤엠(주),손석우,"여민정,양정화,이수진",533144.5,645522,219975,265148,965818.5,1527981.32,Wed,0,4,6
다이노소어 어드벤처 : 백악기 공룡대백과,2016-05-04,93305,325,107391,325,europe,All,etc,267,0,342,75,"(주)박수엔터테인먼트,(주)애니플러스","닐 나이팅게일,베리 쿡,앤드류 코헨",,1,1,279915,322173,220134.33333,274967.33333,Wed,0,4,6
매직브러시,2016-05-04,152842,460,167588,460,others,All,Animation,445,0,546,101,(주)영화사 빅,쯔씽 쫑,"김서영,김경희,박상훈,홍진욱",647495,749719.5,152842,167588,132462,163520,Wed,0,4,6
탐정 홍길동: 사라진 마을,2016-05-04,949965,764,1262915,764,korea,15,Drama,5519,0,6179,660,씨제이이앤엠(주),조성희,"이제훈,김성균,박근형,정성화,고아라,노정의,김하나,유승목,박정원,박지훈,오현암,유정래,윤상훈,이민아,이민지,이상희,정준용",5382607.6667,7222832.75,949965,1262915,965818.5,1527981.32,Wed,0,4,6
곡성,2016-05-12,3212395,1485,4963008,1485,korea,15,Horor/Mistery,12926,0,15570,2644,이십세기폭스코리아(주),나홍진,"곽도원,황정민,쿠니무라 준,천우희,김환희,허진,장소연,김도윤,손강국,전배수,황석정,배용근,배용근,이인철,이용녀,선호삼,송민석,신재현,안수연,이선희,이수빈,이수진,권귀덕,이연,이연경,이연경",12806258.55,19309012.1,3212395,4963008,904472.46429,1334770.9286,Thu,0,2,4
나의 소녀시대,2016-05-12,98459,176,227216,201,others,15,Melo/Romance,6683,0,7104,421,오드,프랭키 첸,"송운화,왕대륙",196918,454432,98459,227216,98459,227216,Thu,0,2,4
다이버전트 시리즈: 얼리전트,2016-05-12,98623,393,101653,393,northA,12,Action/Criminal,2182,0,2313,131,씨네그루(주)키다리이엔티,로베르트 슈벤트케,"쉐일린 우들리,테오 제임스,마일즈 텔러,나오미 왓츠,매기 큐",993381,1245787.8333,173773,190651.5,243601.66667,283406.66667,Thu,1,2,4
계춘할망,2016-05-19,302809,526,418734,526,korea,15,etc,5727,0,6385,658,(주)콘텐츠 난다긴다,창,"윤여정,김고은,김희원,신은정,최민호,류준열,양익준,박민지,남태부,강경탁,안지혜,이상화,이슬비,이윤혁",3152500.5,4744276.6667,302809,418734,302809,418734,Thu,0,2,4
싱 스트리트,2016-05-19,256974,494,394504,494,europe,15,Drama,1347,0,1449,102,(주)이수C&E,존 카니,"퍼디아 월시-필로,루시 보인턴,잭 레이너",770922,1183512,256974,394504,181013.07692,225892.15385,Thu,0,2,4
앵그리버드 더 무비,2016-05-19,286044,661,460744,661,northA,All,Animation,2354,0,2592,238,유니버설픽쳐스인터내셔널 코리아(유),"퍼갈 레일리,클레이 케이티스",,1,1,572088,921488,708672.65854,965092.63415,Thu,0,2,4
엑스맨: 아포칼립스,2016-05-25,1907570,1262,2746242,1262,northA,12,Action/Criminal,13233,0,14705,1472,이십세기폭스코리아(주),브라이언 싱어,"제임스 맥어보이,마이클 패스벤더,제니퍼 로렌스,오스카 아이삭,니콜라스 홀트,로즈 번,타이 쉐리던,소피 터너,올리비아 문,루카스 틸",6298880.3333,9128979.4167,1907570,2746242,904472.46429,1334770.9286,Wed,1,2,5
미 비포 유,2016-06-01,378026,481,537671,481,northA,12,Melo/Romance,5649,0,5869,220,워너브러더스 코리아(주),테아 샤록,"에밀리아 클라크,샘 클라플린,매튜 루이스",1872608.5,2612459.5,378026,537671,898054.19231,1389867.7308,Wed,0,3,5
아가씨,2016-06-01,2503831,1171,3288831,1171,korea,19,Thiller/War,17708,0,21671,3963,씨제이이앤엠(주),박찬욱,"김민희,김태리,하정우,조진웅,김해숙,문소리,최병모,김인우,이용녀,조은형,장한순,이규정,이승준,이윤재",15827964.167,22355263.05,2503831,3288831,965818.5,1527981.32,Wed,0,3,5
워크래프트: 전쟁의 서막,2016-06-09,851214,736,1100154,736,northA,12,Action/Criminal,13132,0,14521,1389,유니버설픽쳐스인터내셔널 코리아(유),던칸 존스,"트래비스 핌멜,벤 포스터,폴라 패튼,도미닉 쿠퍼,클랜시 브라운,토비 켑벨",4803355,6156099.5,851214,1100154,708672.65854,965092.63415,Thu,1,2,4
정글북,2016-06-09,1082302,924,1832903,924,northA,12,SF/Fantasy/Adventure,4017,0,4428,411,월트디즈니컴퍼니코리아(주),존 파브로,"닐 세티,빌 머레이,스칼렛 요한슨,벤 킹슬리,이드리스 엘바,루피타 뇽오,크리스토퍼 월켄,지안카를로 에스포지토",5745052.7,9522024.4,1082302,1832903,1425444.125,2503493.875,Thu,0,2,4
컨저링 2,2016-06-09,827336,635,1402102,640,northA,15,Horor/Mistery,7156,0,7907,751,워너브러더스 코리아(주),제임스 완,"베라 파미가,패트릭 윌슨,프란카 포텐테,프란시스 오코너,스털링 제린스",4136680,7010510,1145721.5,1835221.5,898054.19231,1389867.7308,Thu,1,2,4
닌자터틀 : 어둠의 히어로,2016-06-16,210756,517,234385,517,northA,12,Action/Criminal,1880,0,2151,271,롯데쇼핑㈜롯데엔터테인먼트,데이브 그린,"메간 폭스,스티븐 아멜,로라 린니",735921,867064.5,210756,234385,761607.21053,990233.84211,Thu,0,2,4
특별수사: 사형수의 편지,2016-06-16,764396,691,1099284,691,korea,15,Action/Criminal,2669,0,3052,383,(주)넥스트엔터테인먼트월드(NEW),권종관,"김명민,김상호,성동일,김영애,김향기,김뢰하,박수영,박혁권,최병모,오민석,이지훈,박지환,신구,이한위,이문식,김명국,정택호,차상민,이성욱,이승훈",5106445.6667,7639362.6,764396,1099284,856399.86207,1282562.7931,Thu,0,2,4
인디펜던스 데이 : 리써전스,2016-06-22,1170530,926,1437491,926,northA,12,Action/Criminal,4372,0,4825,453,이십세기폭스코리아(주),롤랜드 에머리히,"빌 풀만,리암 헴스워스,제프 골드블럼,비비카 A. 폭스,제시 어셔",5537931,6823046,1170530,1437491,904472.46429,1334770.9286,Wed,1,2,4
비밀은 없다,2016-06-23,236971,502,247022,502,korea,19,Thiller/War,3222,0,3971,749,씨제이이앤엠(주),이경미,"손예진,김주혁,장재우,장한승,신지훈,이민아,이상희",2731198.25,4481844.25,236971,247022,965818.5,1527981.32,Thu,0,2,4
굿바이 싱글,2016-06-29,1242417,841,1841771,841,korea,15,Comedy,5508,0,6176,668,(주)쇼박스,김태곤,"김혜수,마동석,김현수,김용건,서현진,곽시양,전석호,이미도,이성민,황미영,이형미,박지영,정준화,유성진,윤환,이수경,최문석,홍민희",8940392.9,12654110.25,1242417,1841771,1813712.1579,2780266.9474,Wed,0,2,4
레전드 오브 타잔,2016-06-29,672498,593,838443,593,northA,12,Action/Criminal,2295,0,2640,345,워너브러더스 코리아(주),데이빗 예이츠,"알렉산더 스카스가드,마고 로비,크리스토프 왈츠,사무엘 L. 잭슨,디몬 하운수,존 허트,짐 브로드벤트",4131503.5,5111097.9,1525881,2205220.5,898054.19231,1389867.7308,Wed,0,2,4
사냥,2016-06-29,609141,696,644367,696,korea,15,Action/Criminal,4393,0,5209,816,롯데쇼핑㈜롯데엔터테인먼트,이우철,"안성기,조진웅,한예리,권율,손현주,박병은",4694292.3333,6192955.55,609141,644367,761607.21053,990233.84211,Wed,0,2,4
도리를 찾아서,2016-07-06,1189311,1091,1832946,1091,northA,All,Animation,5585,0,5951,366,월트디즈니컴퍼니코리아(주),앤드류 스탠튼,"엘렌 드제너스,알버트 브룩스,다이안 키튼",3567933,5498838,1189311,1832946,1425444.125,2503493.875,Wed,0,2,4
봉이 김선달,2016-07-06,1321839,942,1899601,942,korea,12,History,18838,0,20055,1217,씨제이이앤엠(주),박대민,"유승호,조재현,고창석,라미란,시우민,연우진,전석호,서예지,주영호,박예슬,박상현,박진성,유일한,이선희",6572280.8,9642544.3,1321839,1899601,965818.5,1527981.32,Wed,0,2,4
나우 유 씨 미 2,2016-07-13,2166045,1200,2864992,1200,northA,12,Action/Criminal,9002,0,9865,863,롯데쇼핑㈜롯데엔터테인먼트,존 추,"제시 아이젠버그,마크 러팔로,우디 해럴슨,데이브 프랑코,다니엘 래드클리프,리지 캐플란,주걸륜,마이클 케인,모건 프리먼",11636078.833,16958880.75,2166045,2864992,761607.21053,990233.84211,Wed,1,2,4
언더 워터,2016-07-13,289501,518,374330,518,northA,15,Horor/Mistery,1323,0,1508,185,유니버설픽쳐스인터내셔널 코리아(유),자움 콜렛 세라,"블레이크 라이블리,오스카 제나다",471507,612254,262555.5,330266,708672.65854,965092.63415,Wed,0,2,4
극장판 요괴워치: 염라대왕과 5개의 이야기다냥!,2016-07-20,189044,403,2484507,460,others,All,Animation,1057,0,1144,87,씨제이이앤엠(주),타카하시 시게하루,"토마츠 하루카,유키 아오이,세키 토모카즈,코자쿠라 에츠코",1246709,9262113,286305.5,1492450,965818.5,1527981.32,Wed,0,2,4
부산행,2016-07-20,6659075,1788,9063544,1788,korea,15,Action/Criminal,54173,0,62952,8779,(주)넥스트엔터테인먼트월드(NEW),연상호,"공유,김정희,정유미,김율호,마동석,최우식,안소희,김의성,김수안,박민우,박민혁,임종훈,박종관,장문성,박혜진,손지훈,손지훈,조춘호,지동현,윤미중,이동하,이윤상,최창수,편준의,허성우,황유경",19840816.667,27853352.25,3398502.5,4604539,856399.86207,1282562.7931,Wed,0,2,4
아이스 에이지: 지구 대충돌,2016-07-20,339904,580,527895,580,northA,All,Animation,2082,0,2266,184,이십세기폭스코리아(주),마이크 트메이어,"존 레귀자모,레이 로마노,제니퍼 로페즈,아담 드바인,제시 타일러 퍼거슨,사이몬 페그,멜리사 로치",4004002.6667,6066445.6667,339904,527895,904472.46429,1334770.9286,Wed,0,2,4
빅,2016-07-27,154742,332,158980,332,northA,All,Animation,321,0,561,240,(주)이수C&E,트레버 월,,1,1,154742,158980,181013.07692,225892.15385,Wed,0,2,4
인천상륙작전,2016-07-27,3903979,1049,5565410,1049,korea,12,Thiller/War,30918,0,35317,4399,씨제이이앤엠(주),이재한,"김정철,이정재,이범수,리암 니슨,진세연,정준호,박철민,김병옥,김선아,김영애,박성웅,추성훈,황석하,이창세,박정원,박현선,션 리차드,이유진,한비,김희진",16632016.783,23673684.683,3903979,5565410,965818.5,1527981.32,Wed,0,2,4
제이슨 본,2016-07-27,2016091,827,2451175,827,northA,15,Action/Criminal,12160,0,13139,979,유니버설픽쳐스인터내셔널 코리아(유),폴 그린그래스,"맷 데이먼,줄리아 스타일즈,토미 리 존스,뱅상 카셀,알리시아 비칸데르",7591239.6667,9377743.3333,2016091,2451175,708672.65854,965092.63415,Wed,0,2,4
덕혜옹주,2016-08-03,2398837,964,4105686,964,korea,12,History,18168,0,20348,2180,롯데쇼핑㈜롯데엔터테인먼트,허진호,"손예진,박해일,윤제문,라미란,정상훈,박수영,김소현,박주미,안내상,김재욱,김인우,백윤식,김대명,김정희,박윤식,박지수,박혜영,송민수,송창현,신동주,오세영,이경훈,이명규,이상진,이승진,최영빈,최일순,최정순,한동훈,함성원,홍은지,김무규",15903790.3,24877327.05,2398837,4105686,761607.21053,990233.84211,Wed,0,2,5
마이펫의 이중생활,2016-08-03,1275932,726,1944539,726,northA,All,Animation,6954,0,7356,402,유니버설픽쳐스인터내셔널 코리아(유),크리스 리노드,"스티브 쿠건,엘리 켐퍼,레이크 벨,데이너 카비,케빈 하트",6379660,9722695,1275932,1944539,708672.65854,965092.63415,Wed,0,2,5
명탐정 코난: 순흑의 악몽,2016-08-03,398209,447,491272,447,others,12,Animation,17662,0,18126,464,씨제이이앤엠(주),"시즈노 코분,야마모토 야스이치로",,1,1,570357.16667,737295.16667,965818.5,1527981.32,Wed,0,2,5
수어사이드 스쿼드,2016-08-03,1644839,823,1848184,823,northA,15,Action/Criminal,29488,0,32475,2987,워너브러더스 코리아(주),데이비드 에이어,"윌 스미스,자레드 레토,마고 로비,스콧 이스트우드,카라 델러비인,제이 코트니,조엘 킨나만,비올라 데이비스,제이 헤르난데즈,애덤 비치,카렌 후쿠하라,커먼,벤 애플렉",10986245,13269712.5,1644839,1848184,898054.19231,1389867.7308,Wed,0,2,5
국가대표 2,2016-08-10,562630,562,666005,562,korea,12,Drama,6001,0,7290,1289,메가박스(주)플러스엠,김종현,"수애,오달수,오연서,하재숙,김슬기,김예원,진지희,임진영,박진하,전송이,방추성,백상훈,서은정,조규영,안승호,조수지,조희윤,이경선,이민지,이선미,이영화",3820383.6,5004587.4667,562630,666005,693225.23077,986813.84615,Wed,1,3,5
마이 리틀 자이언트,2016-08-10,74117,128,2293319,617,northA,All,SF/Fantasy/Adventure,1209,0,1311,102,월트디즈니컴퍼니코리아(주),스티븐 스필버그,"마크 라이런스,레베카 홀,빌 헤이더,제메인 클레멘트,매트 프류어,라프 스팰,아담 가들리,헤이그 수더랜드,마이클 아담스웨이트",1371289.5,9661851.8333,139519,1275774,1425444.125,2503493.875,Wed,0,3,5
터널,2016-08-10,3763657,1105,5377845,1105,korea,12,Drama,12298,0,14152,1854,(주)쇼박스,김성훈,"하정우,배두나,오달수,김종수,임한빈,정민희,송민석,윤성민,이동진,이상희,최춘범,권승구",12496406.433,17840879.717,2692614.5,5118987,1813712.1579,2780266.9474,Wed,0,3,5
서울역,2016-08-17,137930,440,145534,440,korea,15,Animation,14252,0,16956,2704,(주)넥스트엔터테인먼트월드(NEW),연상호,"류승룡,심은경,이준,오윤석,이건우,이동하,이상희,이상희,최길수",2674402.75,3707427.9167,3398502.5,4604539,856399.86207,1282562.7931,Wed,0,2,4
스타트렉 비욘드,2016-08-17,819394,716,1046901,716,northA,12,Action/Criminal,3459,0,3766,307,롯데쇼핑㈜롯데엔터테인먼트,저스틴 린,"크리스 파인,사이몬 페그,조 샐다나,재커리 퀸토,칼 어번,안톤 옐친,존 조,이드리스 엘바,소피아 부텔라",9507628.1667,12546248.167,819394,1046901,761607.21053,990233.84211,Wed,0,2,4
라이트 아웃,2016-08-24,706849,659,1028125,659,northA,15,Horor/Mistery,1772,0,2011,239,워너브러더스 코리아(주),데이비드 F. 샌드버그,"테레사 팔머,앨리시아 벨라-베일리,가브리엘 베이트먼,알렉산더 디퍼시아",2598591,3744524.5,706849,1028125,898054.19231,1389867.7308,Wed,0,2,4
플로렌스,2016-08-24,114065,382,135502,382,europe,15,Drama,663,0,756,93,(주)이수C&E,스티븐 프리어스,"메릴 스트립,휴 그랜트",323316.5,360348.5,114065,135502,181013.07692,225892.15385,Wed,0,2,4
고스트버스터즈,2016-08-25,351507,511,499841,511,northA,12,Action/Criminal,2046,0,2374,328,유니버설픽쳐스인터내셔널 코리아(유),폴 페이그,"멜리사 맥카시,크리스 헴스워스,크리스틴 위그,케이트 맥키넌,레슬리 존스",4210985.75,6574658.5,722559,1099812,708672.65854,965092.63415,Thu,0,2,4
메카닉: 리크루트,2016-08-31,470847,320,526865,320,northA,15,Action/Criminal,2297,0,2497,200,(주)제이앤씨미디어그룹,데니스 간젤,"제이슨 스타뎀,제시카 알바,토미 리 존스,양자경",3391048.75,4347681.25,470847,526865,345736,391253,Wed,0,2,4
거울나라의 앨리스,2016-09-07,272918,515,461244,515,northA,12,SF/Fantasy/Adventure,7250,0,7616,366,월트디즈니컴퍼니코리아(주),제임스 보빈,"조니 뎁,앤 해서웨이,미아 와시코브스카,헬레나 본햄 카터,사챠 바론 코헨,알란 릭맨,마이클 쉰,앤드류 스캇",3129698.8333,5143587.6667,272918,461244,1425444.125,2503493.875,Wed,0,3,7
"고산자, 대동여지도",2016-09-07,445665,765,877939,765,korea,All,History,2958,0,3583,625,씨제이이앤엠(주),강우석,"김율호,차승원,유준상,김인권,남지현,신동미,남경읍,태인호,공형진,김종수,이형길,임경욱,박선용,박상훈,박정호,박진영,백동현,송민석,송원종,양해길,양희정,전수정,전호근,정명수,정봉연,정진근,조경섭,윤성민,윤준호,이덕형,이문형,이성원,이수민,이승철,이윤상,지동주,지현준,최은식,최한기,한명철,홍광표,홍대영,노남석,정준용",7914966.1667,12971260.5,445665,877939,965818.5,1527981.32,Wed,0,3,7
달빛궁궐,2016-09-07,81230,425,139584,425,korea,All,Animation,745,0,1760,1015,(주)넥스트엔터테인먼트월드(NEW),김현주,"김서영,이하늬,권율,김슬기,신용우,이장원,시영준,이상범,이현,강시현,문유정,정주원,신경선,이유리",1953829.5333,2488134.5667,81230,139584,856399.86207,1282562.7931,Wed,0,3,7
로빈슨 크루소,2016-09-07,65295,329,116034,329,europe,All,Animation,701,0,762,61,(주)영화사 빅,"벤 스타센,빈센트 케스텔루트","마티아스 슈바이그호퍼,데이비드 하워드,콜린 메츠거,라일라 베르진,조이 카멘,마리브 헤링턴",326475,580170,130590,232068,132462,163520,Wed,0,3,7
밀정,2016-09-07,3226066,1444,6263056,1444,korea,15,Action/Criminal,12533,0,13996,1463,워너브러더스 코리아(주),김지운,"송강호,공유,한지민,츠루미 신고,엄태구,신성록,서영주,박민우,이진한,이진한,임서영,임서영,전수빈,정유안,조권수,조윤담,이동진,이상희,이수광,이승진,하민,노준표,김정우",15071377,26828814,3226066,6263056,898054.19231,1389867.7308,Wed,0,3,7
장난감이 살아있다,2016-09-07,79144,294,132153,294,others,All,Animation,926,0,976,50,"㈜코리아스크린,와이드 릴리즈(주)",후안 호세 캄파넬라,"니콜라스 홀트,아리아나 그란데,케이티 홈즈,루퍼트 그린트",1288661.6667,2118308.6667,79144,132153,186329,271858,Wed,0,3,7
드림 쏭,2016-09-14,173523,399,206142,399,northA,All,Animation,1849,1,1904,55,(주)이수C&E,애쉬 브래넌,"J.K. 시몬스,루크 윌슨,에디 이자드,맷 딜런",1371777.25,1970717.75,173523,206142,181013.07692,225892.15385,Wed,0,5,7
매그니피센트 7,2016-09-14,756010,579,913170,579,northA,15,Action/Criminal,2148,1,2669,521,유니버설픽쳐스인터내셔널 코리아(유),안톤 후쿠아,"덴젤 워싱턴,크리스 프랫,이병헌,에단 호크,맷 보머,빈센트 도노프리오,해일리 베넷,캠 지갠뎃",4945252,6457348.75,423371,506794.5,708672.65854,965092.63415,Wed,1,5,7
벤허,2016-09-14,1003113,717,1283858,717,northA,12,SF/Fantasy/Adventure,1196,1,1449,253,롯데쇼핑㈜롯데엔터테인먼트,티무르 베크맘베토브,"잭 휴스턴,토비 켑벨,모건 프리먼,로드리고 산토로,할룩 빌기너,요한 필리프 아스베크,모이세스 아리아스,아예렛 주러,소피아 블랙 디엘리아,제임스 코스모,다토 바크하제,자레스 J. 메즈",5412539.6667,6854985.6667,1003113,1283858,761607.21053,990233.84211,Wed,0,5,7
카페 소사이어티,2016-09-14,74511,199,101518,199,northA,15,Melo/Romance,765,1,824,59,CGV아트하우스,우디 앨런,"제시 아이젠버그,크리스틴 스튜어트,스티브 카렐,블레이크 라이블리",1479652.5,1906979.25,74511,101518,421651.66667,606124.26667,Wed,0,5,7
아이 엠 어 히어로,2016-09-21,179249,263,206938,263,others,19,Action/Criminal,1082,0,1355,273,(주)영화사 빅,사토 신스케,"오오이즈미 요,아리무라 카스미,나가사와 마사미",1262284.5,1857460.5,179249,206938,132462,163520,Wed,0,2,5
미스 페레그린과 이상한 아이들의 집,2016-09-28,1253955,904,2122413,904,northA,12,Horor/Mistery,8309,0,8695,386,이십세기폭스코리아(주),팀 버튼,"에바 그린,사무엘 L. 잭슨,아사 버터필드,앨리슨 제니,킴 디킨스,주디 덴치,크리스 오다우드",5745750,9517674.4,1253955,2122413,904472.46429,1334770.9286,Wed,0,3,5
브리짓 존스의 베이비,2016-09-28,463038,509,668245,509,northA,15,Comedy,3229,0,3519,290,유니버설픽쳐스인터내셔널 코리아(유),샤론 맥과이어,"르네 젤위거,콜린 퍼스,패트릭 뎀시",1756935,2952683.5,463038,668245,708672.65854,965092.63415,Wed,0,3,5
설리: 허드슨강의 기적,2016-09-28,418062,573,562204,573,northA,12,Drama,1891,0,2082,191,워너브러더스 코리아(주),클린트 이스트우드,"톰 행크스,아론 에크하트,로라 린니",1126117.1667,1500463.6667,314563,415966,898054.19231,1389867.7308,Wed,1,3,5
아수라,2016-09-28,2218912,1278,2521485,1278,korea,19,Action/Criminal,24622,0,28898,4276,씨제이이앤엠(주),김성수,"정우성,황정민,주지훈,곽도원,정만식,김원해,김종수,김해곤,윤지혜,오연아,윤제문,이종성,장근영,박지환,손영진,양영일,유정호,윤성민,이가경,이광기,이상민,채성원,김남조,노남석,박갑진",12338573.383,17548738.85,2218912,2521485,965818.5,1527981.32,Wed,0,3,5
맨 인 더 다크,2016-10-05,708515,671,925606,671,northA,19,Thiller/War,2230,0,2626,396,유니버설픽쳐스인터내셔널 코리아(유),페드 알바레즈,"제인 레비,딜런 미네트,스티븐 랭,다니엘 조바토",2602618,3390448.5,708515,925606,708672.65854,965092.63415,Wed,0,2,4
럭키,2016-10-13,2879406,1158,4818346,1234,korea,15,Comedy,14534,0,15767,1233,(주)쇼박스,이계벽,"유해진,이준,조윤희,임지연,전혜빈,이동휘,박선용,박은미,정소리,이승철,최시형,홍의권,문광식",10251708.667,16792281.367,2879406,4818346,1813712.1579,2780266.9474,Thu,0,2,4
인페르노,2016-10-19,557906,754,644334,754,northA,15,Horor/Mistery,2093,0,2279,186,유니버설픽쳐스인터내셔널 코리아(유),론 하워드,"톰 행크스,펠리시티 존스,벤 포스터,이르판 칸,오마 사이,시드 바벳 크누센,안나 울라루",2508593,3003627.3333,525913,721533,708672.65854,965092.63415,Wed,0,2,4
닥터 스트레인지,2016-10-26,2842766,1503,4134664,1503,northA,12,Action/Criminal,16232,0,17810,1578,월트디즈니컴퍼니코리아(주),스콧 데릭슨,"베네딕트 컴버배치,레이첼 맥아담스,틸다 스윈튼,매즈 미켈슨,치웨텔 에지오포,스콧 앳킨스,마이클 스털버그,베네딕트 왕",8506392,12168552.75,2842766,4134664,1425444.125,2503493.875,Wed,0,2,4
혼숨,2016-10-26,217435,498,282054,498,korea,15,Horor/Mistery,3701,0,4178,477,(주)프레인글로벌,이두환,"류덕환,조복래,박형서,조동혁,이규섭,이수빈,조혜원",1624538,2128743,217435,282054,217435,282054,Wed,0,2,4
스플릿,2016-11-09,553151,702,703821,702,korea,15,Drama,1463,0,1700,237,오퍼스픽쳐스,최국희,"유지태,이정현,이다윗,정성화,김지은,김태훈,신민수,윤수현,이정주,이지수,조선묵,조수정,최승",2729356.3333,3436184.6667,553151,703821,612994.5,835075.25,Wed,0,2,4
위자: 저주의 시작,2016-11-09,63236,400,322310,467,northA,12,Horor/Mistery,783,0,879,96,유니버설픽쳐스인터내셔널 코리아(유),마이크 플래너건,"엘리자베스 리저,애너리즈 바쏘,헨리 토마스",189708,966930,63236,322310,708672.65854,965092.63415,Wed,0,2,4
가려진 시간,2016-11-16,434830,884,502419,884,korea,12,Drama,11137,0,12208,1071,(주)쇼박스,엄태화,"강동원,신은수,이효제,김희원,권해효,김단율,정우진,엄태구,박종환,김동현,김예지,이영상,조슬예,고민우",7570904.25,11016660.5,434830,502419,1813712.1579,2780266.9474,Wed,0,2,4
신비한 동물사전,2016-11-16,2379264,1431,3571998,1431,northA,12,SF/Fantasy/Adventure,12143,0,12840,697,워너브러더스 코리아(주),데이빗 예이츠,"에디 레드메인,콜린 파렐,캐서린 워터스턴,앨리슨 수돌,댄 포글러,사만다 모튼,젠 머레이",9758349.1667,14445345.667,1525881,2205220.5,898054.19231,1389867.7308,Wed,0,2,4
형,2016-11-23,1461481,993,2321198,993,korea,12,Comedy,24449,0,25600,1151,씨제이이앤엠(주),권수경,"조정석,도경수,박신혜,권지훈,김승아,김진희,이연수",5498033.5,8362024.3333,1461481,2321198,965818.5,1527981.32,Wed,0,2,4
미씽: 사라진 여자,2016-11-30,884449,790,1090230,790,korea,15,Horor/Mistery,4225,0,4785,560,메가박스(주)플러스엠,이언희,"서하늬,엄지원,공효진,강태수,김광호,김석태,김용철,김해일,서인덕,안재만",4774166.5,6159215.25,884449,1090230,693225.23077,986813.84615,Wed,0,2,4
잭 리처: 네버 고 백,2016-11-30,540290,667,603353,667,northA,15,Action/Criminal,1718,0,1974,256,롯데쇼핑㈜롯데엔터테인먼트,에드워드 즈윅,"톰 크루즈,코비 스멀더스,로버트 네퍼,알디스 호지,제이슨 더글러스,다니카 야로쉬,홀트 맥칼라니",4461087.3333,5399067.3333,540290,603353,761607.21053,990233.84211,Wed,1,2,4
라라랜드,2016-12-07,794179,727,1457996,727,northA,12,Drama,2227,0,2499,272,판씨네마(주),다미엔 차젤레,"엠마 스톤,라이언 고슬링,핀 위트록,J.K. 시몬스,로즈마리 드윗",3170142.25,5408218.75,622464,1205386,305844.4,464021.6,Wed,0,2,4
아기배달부 스토크,2016-12-07,189309,538,298043,538,northA,All,Animation,1273,0,1376,103,워너브러더스 코리아(주),"니콜라스 스톨러,더그 스윗랜드","앤디 샘버그,켈시 그래머,제니퍼 애니스턴,티 버렐",757236,1192172,378618,596086,898054.19231,1389867.7308,Wed,0,2,4
판도라,2016-12-07,1947524,1166,3381773,1184,korea,12,Drama,6819,0,8338,1519,(주)넥스트엔터테인먼트월드(NEW),박정우,"김남길,김영애,문정희,정진영,이경영,강신일,김대명,유승목,김주현,김명민,김동우,김선형,김승배,김영준,김재민,김정훈,김태영,김태현,김태훈,박기태,박선희,박준영,이경재,최우성",8943353.8667,14328440.45,1947524,3381773,856399.86207,1282562.7931,Wed,0,2,4
원피스 필름 골드,2016-12-08,164231,445,212742,445,others,12,Animation,9777,0,10041,264,씨제이이앤엠(주),미야모토 히로아키,"타나카 마유미,나카이 카즈야,오카무라 아케미,야마구치 캇페이,히라타 히로아키,오오타니 이쿠에,야마구치 유리코,야오 카즈키",902223.5,1172247.5,164231,212742,965818.5,1527981.32,Thu,0,2,4
"당신, 거기 있어줄래요",2016-12-14,784933,767,1046490,767,korea,12,SF/Fantasy/Adventure,7489,0,8363,874,롯데쇼핑㈜롯데엔터테인먼트,홍지영,"김윤석,변요한,채서진,김상호,안세하,박혜수,김호정,한한나",4231893.6667,5804774.2667,784933,1046490,761607.21053,990233.84211,Wed,0,2,4
마스터,2016-12-21,3835983,1501,5759562,1501,korea,15,Action/Criminal,16340,0,18671,2331,씨제이이앤엠(주),조의석,"이병헌,강동원,김우빈,엄지원,오달수,진경,김정우,장한별",10574107.1,15033313.05,3835983,5759562,965818.5,1527981.32,Wed,0,2,4
씽,2016-12-21,745207,795,1319765,795,northA,All,Animation,3252,0,3517,265,유니버설픽쳐스인터내셔널 코리아(유),가스 제닝스,"매튜 매커너히,리즈 위더스푼,스칼렛 요한슨,태런 에저튼,세스 맥팔레인",5167920.05,9483216.4,745207,1319765,708672.65854,965092.63415,Wed,0,2,4
포켓몬 더 무비 XY&Z 「볼케니온 : 기계왕국의 비밀」,2016-12-22,181460,480,259147,480,others,All,Animation,3487,0,3705,218,(주)이수C&E,유야마 쿠니히코,,1,1,179720.33333,251038.66667,181013.07692,225892.15385,Thu,0,2,4
로그 원: 스타워즈 스토리,2016-12-28,855330,907,1012707,907,northA,12,Action/Criminal,2833,0,3189,356,월트디즈니컴퍼니코리아 유한책임회사,가렛 에드워즈,"펠리시티 존스,디에고 루나,매즈 미켈슨,리즈 아메드,포레스트 휘테커,견자단,알란 터딕,강문",5733304.9167,7522756.5,855330,1012707,1423002.25,1895495,Wed,1,2,4
루돌프와 많이있어,2016-12-28,158860,375,212426,375,others,All,Animation,1094,0,1183,89,씨제이이앤엠(주),"유야마 쿠니히코,사카키바라 모토노리","김율,신용우,홍범기,시영준,김영찬,정유정,김가령,이노우에 마오,스즈키 료헤이,미즈키 나나,후루타 아라타",814894.2,1053014.4,338580.33333,463464.66667,965818.5,1527981.32,Wed,0,2,4
너의 이름은.,2017-01-04,1628324,947,2680231,947,others,12,Animation,20675,0,22123,1448,메가박스(주)플러스엠,신카이 마코토,"카미키 류노스케,카미시라이시 모네,나가사와 마사미,이치하라 에수코,유키 아오이,시마자키 노부나가,이시카와 카이토,타니 카논",6468335.5,11292869.5,1628324,2680231,693225.23077,986813.84615,Wed,0,2,4
눈의 여왕 3: 눈과 불의 마법대결,2017-01-04,296708,526,354327,526,europe,All,Animation,1799,0,1912,113,(주)이수C&E,알렉세이 트시칠린,"박지윤,엄상현,남도형,박상훈,이재범",1273942.6667,1522040.8333,397514,474641,181013.07692,225892.15385,Wed,0,2,4
사랑하기 때문에,2017-01-04,295877,542,338588,542,korea,12,Comedy,6287,0,7040,753,(주)넥스트엔터테인먼트월드(NEW),주지홍,"차태현,김유정,서현진,박근형,선우용녀,성동일,배성우,임주환,김윤혜,오나라,김사희,장도윤,김강훈",4107663.7333,5676663.8333,295877,338588,856399.86207,1282562.7931,Wed,0,2,4
여교사,2017-01-04,105081,393,112774,393,korea,19,Drama,3223,0,4208,985,필라멘트픽쳐스,김태용,"김하늘,유인영,이원근,이기우",843114.5,1051235.5,105081,112774,105081,112774,Wed,0,2,4
패신저스,2017-01-04,591953,608,666285,608,northA,12,SF/Fantasy/Adventure,3091,0,3472,381,유니버설픽쳐스인터내셔널 코리아(유),모튼 틸덤,"크리스 프랫,제니퍼 로렌스,마이클 쉰,앤디 가르시아,로렌스 피쉬번",4537105.5,5719860,700159,971276.5,708672.65854,965092.63415,Wed,0,2,4
어쌔신 크리드,2017-01-11,344211,566,354032,566,northA,15,Action/Criminal,5329,0,5645,316,이십세기폭스코리아(주),저스틴 커젤,"마이클 패스벤더,마리옹 꼬띠아르,아리안 라베드,제레미 아이언스,브렌단 글리슨,마이클 K. 윌리엄스",2598744.1667,3194922.6667,344211,354032,904472.46429,1334770.9286,Wed,0,2,4
얼라이드,2017-01-11,418161,546,474109,546,northA,15,Thiller/War,1241,0,1400,159,롯데쇼핑㈜롯데엔터테인먼트,로버트 저메키스,"브래드 피트,마리옹 꼬띠아르,리지 캐플란,매튜 구드,자레드 해리스",2006923.1667,2452887.3333,310339,353549,761607.21053,990233.84211,Wed,0,2,4
모아나,2017-01-12,915567,953,1387379,953,northA,All,Animation,2439,0,2774,335,월트디즈니컴퍼니코리아 유한책임회사,"론 클레멘츠,존 머스커","드웨인 존슨,아우이 크라발호,알란 터딕,제메인 클레멘트,테무에라 모리슨",4569863.25,7979505.25,1831134,2774758,1423002.25,1895495,Thu,0,2,4
공조,2017-01-18,1621572,987,4860129,1392,korea,15,Action/Criminal,8602,0,9879,1277,씨제이이앤엠(주),김성훈,"현빈,유해진,김주혁,장영남,이해영,윤아,이동휘",7549152.9833,17787241.517,2692614.5,5118987,965818.5,1527981.32,Wed,0,2,6
더 킹,2017-01-18,2372889,1310,4410130,1310,korea,15,Action/Criminal,15590,0,17679,2089,(주)넥스트엔터테인먼트월드(NEW),한재림,"조인성,정우성,배성우,김아중,류준열,김의성,김민재,정성모,정은채,김소진,황승언,이주연,정준용",9127621.7333,15458053.667,2372889,4410130,856399.86207,1282562.7931,Wed,0,2,6
터닝메카드W: 블랙미러의 부활,2017-01-18,303598,570,401000,570,korea,All,Animation,5227,0,5861,634,씨네그루(주)키다리이엔티,홍헌표,"소연,윤아영,신용우,장광,강호철,안영미,윤미나",1479014.95,1771490.9,303598,401000,243601.66667,283406.66667,Wed,0,2,6
레지던트 이블: 파멸의 날,2017-01-25,576181,599,738628,599,northA,19,Action/Criminal,8631,1,9388,757,유니버설픽쳐스인터내셔널 코리아(유),폴 W.S. 앤더슨,"밀라 요보비치,알리 라터,이아인 글렌,숀 로버츠,이준기",2880905,3693140,576181,738628,708672.65854,965092.63415,Wed,0,4,6
짱구는 못말려 극장판: 폭풍수면! 꿈꾸는 세계 대돌격,2017-01-25,98994,334,118184,334,others,All,Animation,5353,1,5649,296,(주)넥스트엔터테인먼트월드(NEW),타카하시 와타루,"박영남,김환진,강희선,여민정,장경희,정혜옥,송하림,김연우,박영화,장 미,윤은서,이기성,장예나,김민주,현경수",555460.5,664402,98994,118184,856399.86207,1282562.7931,Wed,0,4,6
컨택트,2017-02-02,474040,605,591671,605,northA,12,SF/Fantasy/Adventure,1671,0,2339,668,유니버설픽쳐스인터내셔널 코리아(유),드니 빌뇌브,"에이미 아담스,제레미 레너,포레스트 휘테커",3893604.75,5046052.5,277563,356117,708672.65854,965092.63415,Thu,0,2,4
명탐정 코난: 에피소드 원-작아진 명탐정,2017-02-08,96807,215,120469,215,others,12,Animation,8294,0,8606,312,씨제이이앤엠(주),야마모토 야스이치로,,1,1,208068.66667,276750.66667,965818.5,1527981.32,Wed,0,2,4
트리플 엑스 리턴즈,2017-02-08,434853,590,472475,590,northA,15,Action/Criminal,1432,0,1709,277,롯데쇼핑㈜롯데엔터테인먼트,D.J. 카루소,"빈 디젤,사무엘 L. 잭슨,루비 로즈,니나 도브레브,토니 콜렛,디피카 파드콘,토니 자",3101214.2,3953494.8,434853,472475,761607.21053,990233.84211,Wed,0,2,4
50가지 그림자: 심연,2017-02-09,156963,435,181941,435,northA,19,Drama,3262,0,3757,495,유니버설픽쳐스인터내셔널 코리아(유),제임스 폴리,"제이미 도넌,다코타 존슨",467170,539440,156963,181941,708672.65854,965092.63415,Thu,0,2,4
레고 배트맨 무비,2017-02-09,124397,427,141774,427,northA,All,Animation,1079,0,1190,111,워너브러더스 코리아(주),크리스 맥케이,"윌 아넷,로자리오 도슨,랄프 파인즈,마이클 세라",497588,567096,124397,141774,898054.19231,1389867.7308,Thu,0,2,4
발레리나,2017-02-09,125537,434,170931,434,europe,All,Animation,1355,0,1448,93,판씨네마(주),"에릭 섬머,에릭 와린","엘르 패닝,데인 드한",264558.5,486361,251074,341862,305844.4,464021.6,Thu,0,2,4
조작된 도시,2017-02-09,1511076,1019,2155595,1019,korea,15,Action/Criminal,11109,0,12267,1158,씨제이이앤엠(주),박광현,"지창욱,심은경,안재홍,오정세,김상호,김민교,김기천,이하늬",6310199.0833,8723839.6833,1511076,2155595,965818.5,1527981.32,Thu,0,2,4
그레이트 월,2017-02-15,444800,598,496550,598,northA,12,SF/Fantasy/Adventure,825,0,1501,676,유니버설픽쳐스인터내셔널 코리아(유),장예모,"맷 데이먼,페드로 파스칼,윌렘 데포,유덕화,루한,경첨,너맨 아카,펑위옌,장 한유",3196269.1667,3893994.5,444800,496550,708672.65854,965092.63415,Wed,0,2,4
더 큐어,2017-02-15,152506,419,459929,419,northA,19,Horor/Mistery,2545,0,2824,279,이십세기폭스코리아(주),고어 버빈스키,"데인 드한,제이슨 아이삭스,미아 고스,셀리아 임리",596539.5,1695217,152506,459929,904472.46429,1334770.9286,Wed,0,2,4
재심,2017-02-15,1370817,935,2030706,935,korea,15,Drama,6221,0,6797,576,"오퍼스픽쳐스,CGV아트하우스",김태윤,"정우,강하늘,김해숙,이동휘,한재영,이경영",7281344.6667,11582113.067,1370817,2030706,1034646.1667,1441199.5167,Wed,0,2,4
마이펫 오지,2017-02-16,119790,393,117732,393,europe,All,Animation,1610,0,1676,66,롯데쇼핑㈜롯데엔터테인먼트,알베르토 로드리게즈,,1,1,119790,117732,761607.21053,990233.84211,Thu,0,2,5
트롤,2017-02-16,589253,622,533609,622,northA,All,Animation,1899,0,2126,227,씨제이이앤엠(주),"마이크 미첼,월트 도른","안나 켄드릭,저스틴 팀버레이크,주이 디샤넬,크리스토퍼 민츠 플라세,크리스틴 바란스키,제프리 탬보,러셀 브랜드,쿠널 나이어,그웬 스테파니,제임스 코든,존 클리즈,쿠벤자네 왈리스,월트 도른,이성경,박형식,김하영,엄상현,전숙경,장광,이현,김명준,김도영,신용우",4155435.6167,4153941.2333,1178506,1067218,965818.5,1527981.32,Thu,0,2,5
23 아이덴티티,2017-02-22,1316094,952,1562611,952,northA,15,Thiller/War,3368,0,3751,383,유니버설픽쳐스인터내셔널 코리아(유),M. 나이트 샤말란,"제임스 맥어보이,안야 테일러 조이,헤일리 루 리차드슨,베티 버클리,브래드 윌리엄 헨크,킴 디렉터,스털링 K. 브라운",6876208,8404870.5,1316094,1562611,708672.65854,965092.63415,Wed,0,3,5
루시드 드림,2017-02-22,100189,461,101821,461,korea,15,SF/Fantasy/Adventure,3362,0,5396,2034,(주)넥스트엔터테인먼트월드(NEW),김준성,"고수,설경구,박유천,강혜정,박인환,천호진",1579325.6667,1836267.6667,100189,101821,856399.86207,1282562.7931,Wed,0,3,5
문라이트,2017-02-22,71031,173,115738,191,northA,15,Drama,607,0,757,150,CGV아트하우스,배리 젠킨스,"트레반트 로즈,앙드레 홀랜드,나오미 해리스",222943.5,339554.5,71031,115738,421651.66667,606124.26667,Wed,0,3,5
싱글라이더,2017-02-22,320079,576,344469,576,korea,15,Drama,2922,0,3838,916,워너브러더스 코리아(주),이주영,"이병헌,공효진,안소희",2160930,2827512.5,320079,344469,898054.19231,1389867.7308,Wed,0,3,5
존 윅 - 리로드,2017-02-22,220625,250,255641,250,northA,19,Action/Criminal,1696,0,1842,146,(주)제이앤씨미디어그룹,채드 스타헬스키,"키아누 리브스,이안 맥쉐인,루비 로즈,브리짓 모나핸,피터 스토메어,존 레귀자모,로렌스 피쉬번,데이비드 패트릭 켈리,커먼,랜스 레딕,리카르도 스카마르치오",2850217.5,3493273,165643,185257,345736,391253,Wed,1,3,5
핵소 고지,2017-02-22,152375,442,166783,442,northA,15,Drama,2328,0,2640,312,판씨네마(주),멜 깁슨,"앤드류 가필드,샘 워싱턴,휴고 위빙",523156,581329.5,152375,166783,305844.4,464021.6,Wed,0,3,5
눈길,2017-03-01,104626,495,122235,495,korea,15,Drama,3524,0,3833,309,"(주)엣나인필름,CGV아트하우스",이나정,"김영옥,김향기,김새론,조수향,서영주,장영남",1875925.4,3032494.9,104626,122235,544794.66667,757062.26667,Wed,0,3,5
로건,2017-03-01,1312794,954,1859453,954,northA,19,Action/Criminal,3521,0,4093,572,이십세기폭스코리아(주),제임스 맨골드,"휴 잭맨,패트릭 스튜어트,보이드 홀브룩,스테판 머천트,리차드 E. 그랜트,에릭 라 살,엘리스 닐",5200026.5,7336907.75,1312794,1859453,904472.46429,1334770.9286,Wed,0,3,5
해빙,2017-03-01,1006919,915,1165206,915,korea,15,Thiller/War,7960,0,8972,1012,롯데쇼핑㈜롯데엔터테인먼트,이수연,"조진웅,신구,김대명,송영창,이청아,윤세아",6321172,8336250.8,1006919,1165206,761607.21053,990233.84211,Wed,0,3,5
콩: 스컬 아일랜드,2017-03-08,1195510,984,1595383,984,northA,12,Action/Criminal,2628,0,2936,308,워너브러더스 코리아(주),조던 복트-로버츠,"톰 히들스턴,브리 라슨,사무엘 L. 잭슨,존 굿맨",3869342,5188072.9,1195510,1595383,898054.19231,1389867.7308,Wed,1,2,4
비정규직 특수요원,2017-03-16,144229,497,148703,497,korea,15,Comedy,1782,0,2648,866,"(주)이수C&E,(주)스톰픽쳐스코리아",김덕수,"강예원,한채아,조재윤,김민교,김성은,남성진,동현배,남궁민",1368039.8667,1673884.4,144229,148703,325242.07692,374595.15385,Thu,0,2,4
보통사람,2017-03-23,329602,621,379023,621,korea,15,Drama,2096,0,2459,363,오퍼스픽쳐스,김봉한,"손현주,장혁,김상호,라미란,정만식,조달환,지승현,오연아,강현구",4407361.55,6422573.65,329602,379023,612994.5,835075.25,Thu,0,2,4
프리즌,2017-03-23,1700909,1047,2378417,1047,korea,19,Action/Criminal,7242,0,8022,780,(주)쇼박스,나현,"한석규,김래원,정웅인,조재윤,신성록,곽민호",6706047.7,9276585.9,1700909,2378417,1813712.1579,2780266.9474,Thu,0,2,4
히든 피겨스,2017-03-23,208809,448,315837,448,northA,12,Drama,1771,0,1921,150,이십세기폭스코리아(주),데오도르 멜피,"타라지 P. 헨슨,옥타비아 스펜서,케빈 코스트너,커스틴 던스트,짐 파슨스",1064482,1588639,208809,315837,904472.46429,1334770.9286,Thu,0,2,4
공각기동대 : 고스트 인 더 쉘,2017-03-29,651472,807,750046,807,northA,15,SF/Fantasy/Adventure,3415,0,4457,1042,롯데쇼핑㈜롯데엔터테인먼트,루퍼트 샌더스,"스칼렛 요한슨,마이클 피트,마이클 윈코트,요한 필리프 아스베크,etc노 다케시",5008818.8,6987555.4,651472,750046,761607.21053,990233.84211,Wed,1,2,4
원라인,2017-03-29,351725,613,425019,613,korea,15,Action/Criminal,3502,0,3962,460,(주)넥스트엔터테인먼트월드(NEW),양경모,"임시완,진구,박병은,이동휘,김선영,박종환,왕지원,박유환,안세하,조우진,박형수,박건도",4872996.5,6629533.5,351725,425019,856399.86207,1282562.7931,Wed,0,2,4
라이프,2017-04-05,387291,647,446206,647,northA,15,SF/Fantasy/Adventure,599,0,1716,1117,소니픽쳐스엔터테인먼트코리아주식회History장배급지점,다니엘 에스피노사,"제이크 질렌할,레베카 퍼거슨,라이언 레놀즈,사나다 히로유키,앨리욘 버케어,올가 디호비치나야",3758339.25,4811456.25,387291,446206,1679564.6667,2330482.3333,Wed,0,2,4
시간위의 집,2017-04-05,119274,454,127306,454,korea,15,Horor/Mistery,1591,0,1987,396,"(주)리틀빅픽쳐스,(주)페퍼민트앤컴퍼니",임대웅,"김윤진,옥택연,조재윤,이한위,박준면,백도빈,유인영",2299016.2,3811970.9,119274,127306,359938.11111,429072.11111,Wed,0,2,4
어느날,2017-04-05,198408,532,226751,532,korea,15,Melo/Romance,2698,0,3837,1139,"오퍼스픽쳐스,CGV아트하우스",이윤기,"김남길,천우희",1798082.75,2685737,190395,212686.5,1034646.1667,1441199.5167,Wed,0,2,4
분노의 질주: 더 익스트림,2017-04-12,1794978,1469,2724736,1469,northA,15,Action/Criminal,8302,0,9867,1565,유니버설픽쳐스인터내셔널 코리아(유),F. 게리 그레이,"빈 디젤,드웨인 존슨,샤를리즈 테론,제이슨 스타뎀,스콧 이스트우드,커트 러셀,미셸 로드리게즈,엘자 패터키,에바 멘데스,헬렌 미렌,조다나 브루스터,루카스 블랙,타이레스 깁슨,루다크리스",6704371.7,9720744.2333,1794978,2724736,708672.65854,965092.63415,Wed,1,2,4
아빠는 딸,2017-04-12,357625,520,579369,586,korea,12,Comedy,4698,0,5211,513,메가박스(주)플러스엠,김형협,"윤제문,정소민,이일화,신구,이미도,강기영,박혁권,허가윤,도희",2587124.5,3999229.25,357625,579369,693225.23077,986813.84615,Wed,0,2,4
임금님의 사건수첩,2017-04-26,1111569,1054,1560173,1054,korea,12,Comedy,2865,0,3320,455,씨제이이앤엠(주),문현성,"이선균,안재홍,김희원,주진모,장영남,경수진,정해인,조영진",4457919.4833,6615110.7333,1111569,1560173,965818.5,1527981.32,Wed,0,2,7
특별시민,2017-04-26,1028488,1154,1349953,1154,korea,15,Drama,3868,0,4647,779,(주)쇼박스,박인제,"최민식,곽도원,심은경,문소리,라미란,류혜영,이기홍,진선규,권용덕,이주연",7787803.65,11572411.95,1028488,1349953,1813712.1579,2780266.9474,Wed,0,2,7
극장판 또봇: 로봇군단의 습격,2017-04-27,97298,231,134756,231,korea,All,Animation,1159,0,1281,122,씨제이이앤엠(주),"이달,고동우","하룡이,신경선,이현",291894,404268,194596,269512,965818.5,1527981.32,Thu,0,2,7
스머프: 비밀의 숲,2017-04-28,349854,607,406987,607,northA,All,Animation,1475,0,1621,146,소니픽쳐스엔터테인먼트코리아주식회History장배급지점,캘리 애스버리,"데미 로바토,레인 윌슨,조 맨가니엘로,잭 맥브레이어,맨디 파틴킨",1749270,2034935,349854,406987,1679564.6667,2330482.3333,Fri,0,4,7
가디언즈 오브 갤럭시 VOL. 2,2017-05-03,2055994,1218,2495390,1218,northA,12,Action/Criminal,6660,0,7337,677,월트디즈니컴퍼니코리아 유한책임회사,제임스 건,"크리스 프랫,조 샐다나,데이브 바티스타,빈 디젤,브래들리 쿠퍼",6748104.95,8614574.4,2055994,2495390,1423002.25,1895495,Wed,1,5,7
보스 베이비,2017-05-03,1545854,1116,1984618,1116,northA,All,Animation,3969,0,4232,263,씨제이이앤엠(주),톰 맥그라스,"알렉 볼드윈,리사 쿠드로,스티브 부세미,토비 맥과이어,지미 키멜",8554462.5,11155628.5,1545854,1984618,965818.5,1527981.32,Wed,0,5,7
보안관,2017-05-03,1716623,1091,2323185,1091,korea,15,Action/Criminal,2291,0,2752,461,롯데쇼핑㈜롯데엔터테인먼트,김형주,"이성민,조진웅,김성균,김종수,조우진,임현성,배정남",7984533.7333,10812046.717,1716623,2323185,761607.21053,990233.84211,Wed,0,5,7
목소리의 형태,2017-05-09,221363,466,261038,466,others,All,Animation,8460,0,8858,398,(주)디스테이션,야마다 나오코,"이리노 미유,하야미 사오리,유키 아오이,오노 켄쇼,카네코 유키,이시카와 유이,토요나가 토시유키",1565029,2852744,221363,261038,221363,261038,Tue,0,3,5
석조저택 살인사건,2017-05-09,328584,539,347567,539,korea,15,Thiller/War,1644,0,1987,343,씨네그루(주)키다리이엔티,"정식,김휘","고수,김주혁,문성근,박성웅,임화영",3271446.7833,4666974.85,549022.5,581234.5,243601.66667,283406.66667,Tue,0,3,5
에이리언: 커버넌트,2017-05-09,1063197,841,1259506,841,northA,15,SF/Fantasy/Adventure,7039,0,7635,596,이십세기폭스코리아(주),리들리 스콧,"마이클 패스벤더,캐서린 워터스턴,제임스 프랭코,누미 라파스,가이 피어스,빌리 크루덥,카르멘 에조고,대니 맥브라이드,주시 스몰렛",5682425.6667,7289531.5,1399545.3333,1993002.6667,904472.46429,1334770.9286,Tue,1,3,5
겟 아웃,2017-05-17,1261443,945,1799491,945,northA,15,Horor/Mistery,4309,0,5068,759,유니버설픽쳐스인터내셔널 코리아(유),조던 필레,"다니엘 칼루야,앨리슨 윌리암스,브래들리 휘트포드,캐서린 키너",5045772,7197964,1261443,1799491,708672.65854,965092.63415,Wed,0,2,4
불한당: 나쁜 놈들의 세상,2017-05-17,712525,860,884878,860,korea,19,Action/Criminal,2219,0,3041,822,씨제이이앤엠(주),변성현,"설경구,임시완,김희원,전혜진,이경영,김성오,허준호",4234919.45,6273514.8667,712525,884878,965818.5,1527981.32,Wed,0,2,4
킹 아서: 제왕의 검,2017-05-17,383668,588,414433,588,europe,12,SF/Fantasy/Adventure,850,0,1115,265,워너브러더스 코리아(주),가이 리치,"찰리 허냄,주드 로,에릭 바나,에이단 길렌,디몬 하운수,아스트리드 베흐제-프리스베,애나벨 월리스,케이티 맥그라스",7348478.5,9956176,242382.5,261368.5,898054.19231,1389867.7308,Wed,1,2,4
캐리비안의 해적: 죽은 자는 말이 없다,2017-05-24,1865118,1357,2686504,1357,northA,12,Action/Criminal,12286,0,12939,653,월트디즈니컴퍼니코리아 유한책임회사,"요아킴 뢰닝,에스펜 샌버그","조니 뎁,카야 스코델라리오,올랜도 블룸,하비에르 바르뎀,브렌튼 스웨이츠,제프리 러쉬,데이빗 웬햄,골시프테 파라하니,스티븐 그레이엄,케빈 맥널리,폴 매카트니,마틴 클레바,로드니 아피프",6399975.6667,9385685.6667,3730236,5373008,1423002.25,1895495,Wed,1,2,5
노무현입니다,2017-05-25,873954,775,1405550,775,korea,12,etc,41777,0,45099,3322,"CGV아트하우스,영화사 풀",이창재,노무현,873954,1405550,873954,1405550,1295605.6667,2011674.2667,Thu,0,2,5
대립군,2017-05-31,746790,809,803963,809,korea,15,Drama,2348,0,2929,581,이십세기폭스코리아(주),정윤철,"이정재,여진구,김무열,이솜,박원상,배수빈,김명곤,박해준",7498686.4167,10217103.167,746790,803963,904472.46429,1334770.9286,Wed,0,3,5
원더 우먼,2017-05-31,1587728,1034,1908897,1034,northA,12,Action/Criminal,2785,0,3222,437,워너브러더스 코리아(주),팻티 젠킨스,"갤 가돗,로빈 라이트,크리스 파인,데이빗 듈리스,코니 닐슨,엘레나 아나야",7554473,9113487,1587728,1908897,898054.19231,1389867.7308,Wed,0,3,5
베이블레이드 버스트 갓 : 갓 발키리의 탄생,2017-06-01,83760,198,103689,198,others,All,Animation,897,0,1053,156,씨제이이앤엠(주),야마구치 켄타로,"김현지,한신,김보영,이호산,김영은",418800,518445,83760,103689,965818.5,1527981.32,Thu,0,3,5
미이라,2017-06-06,2580169,1257,3295597,1257,northA,15,Action/Criminal,5734,0,6513,779,유니버설픽쳐스인터내셔널 코리아(유),알렉스 커츠먼,"톰 크루즈,소피아 부텔라,애나벨 월리스,러셀 크로우,하비에르 보텟,제이크 존슨,코트니 B. 반스,딜란 스미스",13742901.833,18321244.333,2580169,3295597,708672.65854,965092.63415,Tue,0,3,5
악녀,2017-06-08,676877,685,1014907,685,korea,19,Action/Criminal,2657,0,3562,905,(주)넥스트엔터테인먼트월드(NEW),정병길,"김옥빈,신하균,성준,김서형,조은지,이승주,정해균,박철민,손민지,민예지,김연우,주문수",3673514.8333,5301872,676877,1014907,856399.86207,1282562.7931,Thu,0,2,4
하루,2017-06-15,762651,781,1069338,781,korea,15,Thiller/War,1946,0,2233,287,CGV아트하우스,조선호,"김명민,변요한,유재명,조은형,신혜선",3878097.6667,5813597.6667,762651,1069338,421651.66667,606124.26667,Thu,0,2,4
트랜스포머: 최후의 기사,2017-06-21,2015437,1739,2479956,1739,northA,12,Action/Criminal,15543,0,16721,1178,롯데쇼핑㈜롯데엔터테인먼트,마이클 베이,"마크 월버그,안소니 홉킨스,로라 하드독,조쉬 더하멜",5242480.5,6430719,1070861.5,1311234.5,761607.21053,990233.84211,Wed,1,2,4
리얼,2017-06-28,426567,970,453687,970,korea,19,Action/Criminal,16593,0,25803,9210,씨제이이앤엠(주),이사랑,"김수현,성동일,이성민,최진리,조우진,이경영,김홍파,정인겸,최권,한지은",8016397.6,11401344.7,426567,453687,965818.5,1527981.32,Wed,0,2,4
박열,2017-06-28,1457645,1176,1931049,1176,korea,12,Drama,6353,0,7265,912,메가박스(주)플러스엠,이준익,"이제훈,최희서,김인우,권율,민진웅",5757465.3333,7716692,1363526.3333,2498335.3333,693225.23077,986813.84615,Wed,0,2,4
옥자,2017-06-29,162216,111,233927,111,northA,12,SF/Fantasy/Adventure,9261,0,12426,3165,(주)넥스트엔터테인먼트월드(NEW),봉준호,"틸다 스윈튼,제이크 질렌할,폴 다노,안서현,변희봉,스티븐 연,릴리 콜린스,셜리 헨더슨,다니엘 헨셜,데본 보스틱,최우식,지안카를로 에스포지토,켈리 맥도날드,윤제문",3299016.5,4834217.25,162216,233927,856399.86207,1282562.7931,Thu,0,2,4
스파이더맨: 홈 커밍,2017-07-05,4301549,1965,6138254,1965,northA,12,Action/Criminal,14322,0,15235,913,소니픽쳐스엔터테인먼트코리아주식회History장배급지점,존 와츠,"로버트 다우니 주니어,마이클 키튼,마리사 토메이,존 파브로,마틴 스타,로건 마샬-그린,가르셀라 보베,스탠 리,보킴 우드바인,케네스 최,토니 레볼로리,타인 달리,톰 홀랜드",19024302.333,27925368.25,4301549,6138254,1679564.6667,2330482.3333,Wed,1,2,4
